facility,operational_capacity,hoc_population,jail_population,total_occupancy,percent_occupied,report_date
BARNSTABLE,300.0,81.0,97.0,178.0,59.0,2020-12-28
BERKSHIRE,292.0,54.0,81.0,135.0,46.0,2020-12-28
BRISTOL (Ash Street),206.0,12.0,67.0,79.0,38.0,2020-12-28
BRISTOL (Dartmouth),304.0,115.0,443.0,558.0,184.0,2020-12-28
BRISTOL (Women's Center),56.0,7.0,22.0,29.0,52.0,2020-12-28
DUKES,19.0,10.0,0.0,10.0,53.0,2020-12-28
ESSEX (Middleton),1291.0,203.0,703.0,906.0,70.0,2020-12-28
ESSEX (WIT),23.0,10.0,,10.0,43.0,2020-12-28
ESSEX (L.C.A.C.),340.0,60.0,,60.0,18.0,2020-12-28
FRANKLIN,144.0,64.0,85.0,149.0,103.0,2020-12-28
HAMPDEN (HOC / JAIL),1178.0,149.0,520.0,669.0,57.0,2020-12-28
HAMPDEN (W.M.C.A.C.),148.0,25.0,,25.0,17.0,2020-12-28
HAMPDEN (Women's Center),306.0,28.0,49.0,77.0,25.0,2020-12-28
HAMPSHIRE,287.0,31.0,81.0,112.0,39.0,2020-12-28
MIDDLESEX (Billerica),1501.0,157.0,381.0,538.0,36.0,2020-12-28
NORFOLK (Dedham / RT 128),620.0,83.0,280.0,363.0,59.0,2020-12-28
PLYMOUTH,1140.0,86.0,515.0,601.0,53.0,2020-12-28
SUFFOLK (Nashua Street),453.0,,463.0,463.0,102.0,2020-12-28
SUFFOLK (South Bay),1796.0,510.0,,510.0,28.0,2020-12-28
WORCESTER (HOC / JAIL),822.0,151.0,409.0,560.0,68.0,2020-12-28
BARNSTABLE,300.0,80.0,104.0,184.0,61.0,2020-12-21
BERKSHIRE,292.0,56.0,83.0,139.0,48.0,2020-12-21
BRISTOL (Ash Street),206.0,12.0,67.0,79.0,38.0,2020-12-21
BRISTOL (Dartmouth),304.0,120.0,447.0,567.0,187.0,2020-12-21
BRISTOL (Women's Center),56.0,7.0,25.0,32.0,57.0,2020-12-21
DUKES,19.0,7.0,0.0,7.0,37.0,2020-12-21
ESSEX (Middleton),1291.0,204.0,720.0,924.0,72.0,2020-12-21
ESSEX (WIT),23.0,11.0,,11.0,48.0,2020-12-21
ESSEX (L.C.A.C.),340.0,65.0,,65.0,19.0,2020-12-21
FRANKLIN,144.0,65.0,84.0,149.0,103.0,2020-12-21
HAMPDEN (HOC / JAIL),1178.0,152.0,525.0,677.0,57.0,2020-12-21
HAMPDEN (W.M.C.A.C.),148.0,27.0,,27.0,18.0,2020-12-21
HAMPDEN (Women's Center),306.0,27.0,47.0,74.0,24.0,2020-12-21
HAMPSHIRE,287.0,30.0,82.0,112.0,39.0,2020-12-21
MIDDLESEX (Billerica),1501.0,161.0,384.0,545.0,36.0,2020-12-21
NORFOLK (Dedham / RT 128),620.0,89.0,269.0,358.0,58.0,2020-12-21
PLYMOUTH,1140.0,81.0,526.0,607.0,53.0,2020-12-21
SUFFOLK (Nashua Street),453.0,,466.0,466.0,103.0,2020-12-21
SUFFOLK (South Bay),1796.0,533.0,,533.0,30.0,2020-12-21
WORCESTER (HOC / JAIL),822.0,150.0,412.0,562.0,68.0,2020-12-21
BARNSTABLE,300.0,82.0,107.0,189.0,63.0,2020-12-14
BERKSHIRE,292.0,55.0,90.0,145.0,50.0,2020-12-14
BRISTOL (Ash Street),206.0,11.0,70.0,81.0,39.0,2020-12-14
BRISTOL (Dartmouth),304.0,118.0,443.0,561.0,185.0,2020-12-14
BRISTOL (Women's Center),56.0,9.0,27.0,36.0,64.0,2020-12-14
DUKES,19.0,5.0,0.0,5.0,26.0,2020-12-14
ESSEX (Middleton),1291.0,202.0,711.0,913.0,71.0,2020-12-14
ESSEX (WIT),23.0,13.0,,13.0,57.0,2020-12-14
ESSEX (L.C.A.C.),340.0,73.0,,73.0,21.0,2020-12-14
FRANKLIN,144.0,62.0,93.0,155.0,108.0,2020-12-14
HAMPDEN (HOC / JAIL),1178.0,158.0,516.0,674.0,57.0,2020-12-14
HAMPDEN (W.M.C.A.C.),148.0,24.0,,24.0,16.0,2020-12-14
HAMPDEN (Women's Center),306.0,27.0,52.0,79.0,26.0,2020-12-14
HAMPSHIRE,287.0,31.0,87.0,118.0,41.0,2020-12-14
MIDDLESEX (Billerica),1501.0,156.0,385.0,541.0,36.0,2020-12-14
NORFOLK (Dedham / RT 128),620.0,97.0,275.0,372.0,60.0,2020-12-14
PLYMOUTH,1140.0,87.0,532.0,619.0,54.0,2020-12-14
SUFFOLK (Nashua Street),453.0,,458.0,458.0,101.0,2020-12-14
SUFFOLK (South Bay),1796.0,529.0,,529.0,29.0,2020-12-14
WORCESTER (HOC / JAIL),822.0,147.0,433.0,580.0,71.0,2020-12-14
BARNSTABLE,300.0,84.0,110.0,194.0,65.0,2020-12-07
BERKSHIRE,292.0,55.0,80.0,135.0,46.0,2020-12-07
BRISTOL (Ash Street),206.0,13.0,69.0,82.0,40.0,2020-12-07
BRISTOL (Dartmouth),304.0,120.0,438.0,558.0,184.0,2020-12-07
BRISTOL (Women's Center),56.0,9.0,27.0,36.0,64.0,2020-12-07
DUKES,19.0,7.0,0.0,7.0,37.0,2020-12-07
ESSEX (Middleton),1291.0,197.0,724.0,921.0,71.0,2020-12-07
ESSEX (WIT),23.0,14.0,,14.0,61.0,2020-12-07
ESSEX (L.C.A.C.),340.0,74.0,,74.0,22.0,2020-12-07
FRANKLIN,144.0,59.0,91.0,150.0,104.0,2020-12-07
HAMPDEN (HOC / JAIL),1178.0,152.0,522.0,674.0,57.0,2020-12-07
HAMPDEN (W.M.C.A.C.),148.0,25.0,,25.0,17.0,2020-12-07
HAMPDEN (Women's Center),306.0,26.0,57.0,83.0,27.0,2020-12-07
HAMPSHIRE,287.0,32.0,86.0,118.0,41.0,2020-12-07
MIDDLESEX (Billerica),1501.0,160.0,387.0,547.0,36.0,2020-12-07
NORFOLK (Dedham / RT 128),620.0,92.0,279.0,371.0,60.0,2020-12-07
PLYMOUTH,1140.0,88.0,540.0,628.0,55.0,2020-12-07
SUFFOLK (Nashua Street),453.0,,458.0,458.0,101.0,2020-12-07
SUFFOLK (South Bay),1796.0,547.0,,547.0,30.0,2020-12-07
WORCESTER (HOC / JAIL),822.0,152.0,438.0,590.0,72.0,2020-12-07
BARNSTABLE,300.0,82.0,104.0,186.0,62.0,2020-11-30
BERKSHIRE,292.0,54.0,83.0,137.0,47.0,2020-11-30
BRISTOL (Ash Street),206.0,12.0,68.0,80.0,39.0,2020-11-30
BRISTOL (Dartmouth),304.0,122.0,441.0,563.0,185.0,2020-11-30
BRISTOL (Women's Center),56.0,8.0,25.0,33.0,59.0,2020-11-30
DUKES,19.0,5.0,0.0,5.0,26.0,2020-11-30
ESSEX (Middleton),1291.0,194.0,731.0,925.0,72.0,2020-11-30
ESSEX (WIT),23.0,16.0,,16.0,70.0,2020-11-30
ESSEX (L.C.A.C.),340.0,82.0,,82.0,24.0,2020-11-30
FRANKLIN,144.0,58.0,92.0,150.0,104.0,2020-11-30
HAMPDEN (HOC / JAIL),1178.0,152.0,501.0,653.0,55.0,2020-11-30
HAMPDEN (W.M.C.A.C.),148.0,28.0,,28.0,19.0,2020-11-30
HAMPDEN (Women's Center),306.0,28.0,59.0,87.0,28.0,2020-11-30
HAMPSHIRE,287.0,31.0,86.0,117.0,41.0,2020-11-30
MIDDLESEX (Billerica),1501.0,160.0,378.0,538.0,36.0,2020-11-30
NORFOLK (Dedham / RT 128),620.0,95.0,281.0,376.0,61.0,2020-11-30
PLYMOUTH,1140.0,92.0,548.0,640.0,56.0,2020-11-30
SUFFOLK (Nashua Street),453.0,,466.0,466.0,103.0,2020-11-30
SUFFOLK (South Bay),1796.0,530.0,,530.0,30.0,2020-11-30
WORCESTER (HOC / JAIL),822.0,164.0,457.0,621.0,76.0,2020-11-30
BARNSTABLE,300.0,84.0,108.0,192.0,64.0,2020-11-23
BERKSHIRE,292.0,52.0,85.0,137.0,47.0,2020-11-23
BRISTOL (Ash Street),206.0,12.0,65.0,77.0,37.0,2020-11-23
BRISTOL (Dartmouth),304.0,125.0,334.0,459.0,151.0,2020-11-23
BRISTOL (Women's Center),56.0,8.0,23.0,31.0,55.0,2020-11-23
DUKES,19.0,4.0,0.0,4.0,21.0,2020-11-23
ESSEX (Middleton),1291.0,200.0,722.0,922.0,71.0,2020-11-23
ESSEX (WIT),23.0,16.0,,16.0,70.0,2020-11-23
ESSEX (L.C.A.C.),340.0,80.0,,80.0,24.0,2020-11-23
FRANKLIN,144.0,58.0,87.0,145.0,101.0,2020-11-23
HAMPDEN (HOC / JAIL),1178.0,160.0,491.0,651.0,55.0,2020-11-23
HAMPDEN (W.M.C.A.C.),148.0,30.0,,30.0,20.0,2020-11-23
HAMPDEN (Women's Center),306.0,28.0,49.0,77.0,25.0,2020-11-23
HAMPSHIRE,287.0,29.0,87.0,116.0,40.0,2020-11-23
MIDDLESEX (Billerica),1501.0,165.0,381.0,546.0,36.0,2020-11-23
NORFOLK (Dedham / RT 128),620.0,98.0,287.0,385.0,62.0,2020-11-23
PLYMOUTH,1140.0,93.0,547.0,640.0,56.0,2020-11-23
SUFFOLK (Nashua Street),453.0,,458.0,458.0,101.0,2020-11-23
SUFFOLK (South Bay),1796.0,533.0,,533.0,30.0,2020-11-23
WORCESTER (HOC / JAIL),822.0,168.0,466.0,634.0,77.0,2020-11-23
BARNSTABLE,300.0,78.0,109.0,187.0,62.0,2020-11-16
BERKSHIRE,292.0,52.0,86.0,138.0,47.0,2020-11-16
BRISTOL (Ash Street),206.0,13.0,65.0,78.0,38.0,2020-11-16
BRISTOL (Dartmouth),304.0,120.0,437.0,557.0,183.0,2020-11-16
BRISTOL (Women's Center),56.0,8.0,23.0,31.0,55.0,2020-11-16
DUKES,19.0,3.0,0.0,3.0,16.0,2020-11-16
ESSEX (Middleton),1291.0,196.0,733.0,929.0,72.0,2020-11-16
ESSEX (WIT),23.0,15.0,,15.0,65.0,2020-11-16
ESSEX (L.C.A.C.),340.0,84.0,,84.0,25.0,2020-11-16
FRANKLIN,144.0,57.0,94.0,151.0,105.0,2020-11-16
HAMPDEN (HOC / JAIL),1178.0,162.0,501.0,663.0,56.0,2020-11-16
HAMPDEN (W.M.C.A.C.),148.0,33.0,,33.0,22.0,2020-11-16
HAMPDEN (Women's Center),306.0,27.0,50.0,77.0,25.0,2020-11-16
HAMPSHIRE,287.0,30.0,81.0,111.0,39.0,2020-11-16
MIDDLESEX (Billerica),1501.0,175.0,391.0,566.0,38.0,2020-11-16
NORFOLK (Dedham / RT 128),620.0,94.0,303.0,397.0,64.0,2020-11-16
PLYMOUTH,1140.0,93.0,548.0,641.0,56.0,2020-11-16
SUFFOLK (Nashua Street),453.0,,454.0,454.0,100.0,2020-11-16
SUFFOLK (South Bay),1796.0,551.0,,551.0,31.0,2020-11-16
WORCESTER (HOC / JAIL),822.0,169.0,449.0,618.0,75.0,2020-11-16
BARNSTABLE,300.0,74.0,114.0,188.0,63.0,2020-11-09
BERKSHIRE,292.0,51.0,87.0,138.0,47.0,2020-11-09
BRISTOL (Ash Street),206.0,12.0,70.0,82.0,40.0,2020-11-09
BRISTOL (Dartmouth),304.0,126.0,425.0,551.0,181.0,2020-11-09
BRISTOL (Women's Center),56.0,8.0,21.0,29.0,52.0,2020-11-09
DUKES,19.0,4.0,0.0,4.0,21.0,2020-11-09
ESSEX (Middleton),1291.0,196.0,732.0,928.0,72.0,2020-11-09
ESSEX (WIT),23.0,15.0,,15.0,65.0,2020-11-09
ESSEX (L.C.A.C.),340.0,82.0,,82.0,24.0,2020-11-09
FRANKLIN,144.0,54.0,92.0,146.0,101.0,2020-11-09
HAMPDEN (HOC / JAIL),1178.0,165.0,490.0,655.0,56.0,2020-11-09
HAMPDEN (W.M.C.A.C.),148.0,36.0,,36.0,24.0,2020-11-09
HAMPDEN (Women's Center),306.0,31.0,49.0,80.0,26.0,2020-11-09
HAMPSHIRE,287.0,33.0,78.0,111.0,39.0,2020-11-09
MIDDLESEX (Billerica),1501.0,173.0,387.0,560.0,37.0,2020-11-09
NORFOLK (Dedham / RT 128),620.0,89.0,310.0,399.0,64.0,2020-11-09
PLYMOUTH,1140.0,88.0,550.0,638.0,56.0,2020-11-09
SUFFOLK (Nashua Street),453.0,,434.0,434.0,96.0,2020-11-09
SUFFOLK (South Bay),1796.0,532.0,,532.0,30.0,2020-11-09
WORCESTER (HOC / JAIL),822.0,168.0,442.0,610.0,74.0,2020-11-09
BARNSTABLE,300.0,71.0,110.0,181.0,60.0,2020-11-02
BERKSHIRE,292.0,51.0,90.0,141.0,48.0,2020-11-02
BRISTOL (Ash Street),206.0,12.0,74.0,86.0,42.0,2020-11-02
BRISTOL (Dartmouth),304.0,125.0,428.0,553.0,182.0,2020-11-02
BRISTOL (Women's Center),56.0,7.0,23.0,30.0,54.0,2020-11-02
DUKES,19.0,3.0,0.0,3.0,16.0,2020-11-02
ESSEX (Middleton),1291.0,195.0,739.0,934.0,72.0,2020-11-02
ESSEX (WIT),23.0,16.0,,16.0,70.0,2020-11-02
ESSEX (L.C.A.C.),340.0,82.0,,82.0,24.0,2020-11-02
FRANKLIN,144.0,53.0,94.0,147.0,102.0,2020-11-02
HAMPDEN (HOC / JAIL),1178.0,166.0,484.0,650.0,55.0,2020-11-02
HAMPDEN (W.M.C.A.C.),148.0,42.0,,42.0,28.0,2020-11-02
HAMPDEN (Women's Center),306.0,32.0,51.0,83.0,27.0,2020-11-02
HAMPSHIRE,287.0,36.0,78.0,114.0,40.0,2020-11-02
MIDDLESEX (Billerica),1501.0,175.0,373.0,548.0,37.0,2020-11-02
NORFOLK (Dedham / RT 128),620.0,92.0,316.0,408.0,66.0,2020-11-02
PLYMOUTH,1140.0,86.0,549.0,635.0,56.0,2020-11-02
SUFFOLK (Nashua Street),453.0,,458.0,458.0,101.0,2020-11-02
SUFFOLK (South Bay),1796.0,532.0,,532.0,30.0,2020-11-02
WORCESTER (HOC / JAIL),822.0,166.0,444.0,610.0,74.0,2020-11-02
BARNSTABLE,300.0,69.0,105.0,174.0,58.0,2020-10-26
BERKSHIRE,292.0,47.0,91.0,138.0,47.0,2020-10-26
BRISTOL (Ash Street),206.0,14.0,80.0,94.0,46.0,2020-10-26
BRISTOL (Dartmouth),304.0,121.0,424.0,545.0,179.0,2020-10-26
BRISTOL (Women's Center),56.0,8.0,25.0,33.0,59.0,2020-10-26
DUKES,19.0,3.0,0.0,3.0,16.0,2020-10-26
ESSEX (Middleton),1291.0,205.0,718.0,923.0,71.0,2020-10-26
ESSEX (WIT),23.0,13.0,,13.0,57.0,2020-10-26
ESSEX (L.C.A.C.),340.0,70.0,,70.0,21.0,2020-10-26
FRANKLIN,144.0,52.0,83.0,135.0,94.0,2020-10-26
HAMPDEN (HOC / JAIL),1178.0,167.0,486.0,653.0,55.0,2020-10-26
HAMPDEN (W.M.C.A.C.),148.0,42.0,,42.0,28.0,2020-10-26
HAMPDEN (Women's Center),306.0,31.0,58.0,89.0,29.0,2020-10-26
HAMPSHIRE,287.0,39.0,74.0,113.0,39.0,2020-10-26
MIDDLESEX (Billerica),1501.0,176.0,374.0,550.0,37.0,2020-10-26
NORFOLK (Dedham / RT 128),620.0,97.0,304.0,401.0,65.0,2020-10-26
PLYMOUTH,1140.0,87.0,542.0,629.0,55.0,2020-10-26
SUFFOLK (Nashua Street),453.0,,438.0,438.0,97.0,2020-10-26
SUFFOLK (South Bay),1796.0,535.0,,535.0,30.0,2020-10-26
WORCESTER (HOC / JAIL),822.0,161.0,450.0,611.0,74.0,2020-10-26
BARNSTABLE,300.0,68.0,107.0,175.0,58.0,2020-10-12
BERKSHIRE,292.0,51.0,91.0,142.0,49.0,2020-10-12
BRISTOL (Ash Street),206.0,13.0,85.0,98.0,48.0,2020-10-12
BRISTOL (Dartmouth),304.0,120.0,434.0,554.0,182.0,2020-10-12
BRISTOL (Women's Center),56.0,7.0,25.0,32.0,57.0,2020-10-12
DUKES,19.0,4.0,0.0,4.0,21.0,2020-10-12
ESSEX (Middleton),1291.0,211.0,689.0,900.0,70.0,2020-10-12
ESSEX (WIT),23.0,9.0,,9.0,39.0,2020-10-12
ESSEX (L.C.A.C.),340.0,69.0,,69.0,20.0,2020-10-12
FRANKLIN,144.0,59.0,83.0,142.0,99.0,2020-10-12
HAMPDEN (HOC / JAIL),1178.0,162.0,455.0,617.0,52.0,2020-10-12
HAMPDEN (W.M.C.A.C.),148.0,43.0,,43.0,29.0,2020-10-12
HAMPDEN (Women's Center),306.0,36.0,57.0,93.0,30.0,2020-10-12
HAMPSHIRE,287.0,43.0,77.0,120.0,42.0,2020-10-12
MIDDLESEX (Billerica),1501.0,169.0,392.0,561.0,37.0,2020-10-12
NORFOLK (Dedham / RT 128),620.0,99.0,279.0,378.0,61.0,2020-10-12
PLYMOUTH,1140.0,91.0,545.0,636.0,56.0,2020-10-12
SUFFOLK (Nashua Street),453.0,,453.0,453.0,100.0,2020-10-12
SUFFOLK (South Bay),1796.0,556.0,,556.0,31.0,2020-10-12
WORCESTER (HOC / JAIL),822.0,158.0,434.0,592.0,72.0,2020-10-12
BARNSTABLE,300.0,69.0,106.0,175.0,58.0,2020-10-05
BERKSHIRE,292.0,49.0,94.0,143.0,49.0,2020-10-05
BRISTOL (Ash Street),206.0,14.0,87.0,101.0,49.0,2020-10-05
BRISTOL (Dartmouth),304.0,118.0,431.0,549.0,181.0,2020-10-05
BRISTOL (Women's Center),56.0,7.0,20.0,27.0,48.0,2020-10-05
DUKES,19.0,5.0,0.0,5.0,26.0,2020-10-05
ESSEX (Middleton),1291.0,215.0,684.0,899.0,70.0,2020-10-05
ESSEX (WIT),23.0,10.0,,10.0,43.0,2020-10-05
ESSEX (L.C.A.C.),340.0,72.0,,72.0,21.0,2020-10-05
FRANKLIN,144.0,62.0,79.0,141.0,98.0,2020-10-05
HAMPDEN (HOC / JAIL),1178.0,154.0,447.0,601.0,51.0,2020-10-05
HAMPDEN (W.M.C.A.C.),148.0,29.0,,29.0,20.0,2020-10-05
HAMPDEN (Women's Center),306.0,36.0,61.0,97.0,32.0,2020-10-05
HAMPSHIRE,287.0,44.0,76.0,120.0,42.0,2020-10-05
MIDDLESEX (Billerica),1501.0,172.0,401.0,573.0,38.0,2020-10-05
NORFOLK (Dedham / RT 128),620.0,100.0,280.0,380.0,61.0,2020-10-05
PLYMOUTH,1140.0,93.0,531.0,624.0,55.0,2020-10-05
SUFFOLK (Nashua Street),453.0,,450.0,450.0,99.0,2020-10-05
SUFFOLK (South Bay),1796.0,555.0,,555.0,31.0,2020-10-05
WORCESTER (HOC / JAIL),822.0,170.0,411.0,581.0,71.0,2020-10-05
BARNSTABLE,300.0,73.0,108.0,181.0,60.0,2020-09-28
BERKSHIRE,292.0,46.0,99.0,145.0,50.0,2020-09-28
BRISTOL (Ash Street),206.0,15.0,89.0,104.0,50.0,2020-09-28
BRISTOL (Dartmouth),304.0,125.0,435.0,560.0,184.0,2020-09-28
BRISTOL (Women's Center),56.0,5.0,21.0,26.0,46.0,2020-09-28
DUKES,19.0,6.0,0.0,6.0,32.0,2020-09-28
ESSEX (Middleton),1291.0,206.0,685.0,891.0,69.0,2020-09-28
ESSEX (WIT),23.0,11.0,,11.0,48.0,2020-09-28
ESSEX (L.C.A.C.),340.0,73.0,,73.0,21.0,2020-09-28
FRANKLIN,144.0,57.0,84.0,141.0,98.0,2020-09-28
HAMPDEN (HOC / JAIL),1178.0,154.0,460.0,614.0,52.0,2020-09-28
HAMPDEN (W.M.C.A.C.),148.0,30.0,,30.0,20.0,2020-09-28
HAMPDEN (Women's Center),306.0,32.0,62.0,94.0,31.0,2020-09-28
HAMPSHIRE,287.0,43.0,83.0,126.0,44.0,2020-09-28
MIDDLESEX (Billerica),1501.0,167.0,409.0,576.0,38.0,2020-09-28
NORFOLK (Dedham / RT 128),620.0,98.0,278.0,376.0,61.0,2020-09-28
PLYMOUTH,1140.0,98.0,529.0,627.0,55.0,2020-09-28
SUFFOLK (Nashua Street),453.0,,450.0,450.0,99.0,2020-09-28
SUFFOLK (South Bay),1796.0,554.0,,554.0,31.0,2020-09-28
WORCESTER (HOC / JAIL),822.0,171.0,411.0,582.0,71.0,2020-09-28
BARNSTABLE,300.0,72.0,107.0,179.0,60.0,2020-09-21
BERKSHIRE,292.0,48.0,97.0,145.0,50.0,2020-09-21
BRISTOL (Ash Street),206.0,17.0,88.0,105.0,51.0,2020-09-21
BRISTOL (Dartmouth),304.0,123.0,445.0,568.0,187.0,2020-09-21
BRISTOL (Women's Center),56.0,6.0,14.0,20.0,36.0,2020-09-21
DUKES,19.0,6.0,0.0,6.0,32.0,2020-09-21
ESSEX (Middleton),1291.0,198.0,699.0,897.0,69.0,2020-09-21
ESSEX (WIT),23.0,12.0,,12.0,52.0,2020-09-21
ESSEX (L.C.A.C.),340.0,75.0,,75.0,22.0,2020-09-21
FRANKLIN,144.0,60.0,78.0,138.0,96.0,2020-09-21
HAMPDEN (HOC / JAIL),1178.0,157.0,452.0,609.0,52.0,2020-09-21
HAMPDEN (W.M.C.A.C.),148.0,33.0,,33.0,22.0,2020-09-21
HAMPDEN (Women's Center),306.0,30.0,58.0,88.0,29.0,2020-09-21
HAMPSHIRE,287.0,42.0,79.0,121.0,42.0,2020-09-21
MIDDLESEX (Billerica),1501.0,166.0,407.0,573.0,38.0,2020-09-21
NORFOLK (Dedham / RT 128),620.0,88.0,291.0,379.0,61.0,2020-09-21
PLYMOUTH,1140.0,99.0,521.0,620.0,54.0,2020-09-21
SUFFOLK (Nashua Street),453.0,,444.0,444.0,98.0,2020-09-21
SUFFOLK (South Bay),1796.0,554.0,,554.0,31.0,2020-09-21
WORCESTER (HOC / JAIL),822.0,171.0,411.0,582.0,71.0,2020-09-21
BARNSTABLE,300.0,68.0,116.0,184.0,61.0,2020-09-14
BERKSHIRE,292.0,51.0,94.0,145.0,50.0,2020-09-14
BRISTOL (Ash Street),206.0,16.0,79.0,95.0,46.0,2020-09-14
BRISTOL (Dartmouth),304.0,121.0,461.0,582.0,191.0,2020-09-14
BRISTOL (Women's Center),56.0,6.0,19.0,25.0,45.0,2020-09-14
DUKES,19.0,6.0,0.0,6.0,32.0,2020-09-14
ESSEX (Middleton),1291.0,203.0,700.0,903.0,70.0,2020-09-14
ESSEX (WIT),23.0,13.0,,13.0,57.0,2020-09-14
ESSEX (L.C.A.C.),340.0,75.0,,75.0,22.0,2020-09-14
FRANKLIN,144.0,64.0,75.0,139.0,97.0,2020-09-14
HAMPDEN (HOC / JAIL),1178.0,158.0,464.0,622.0,53.0,2020-09-14
HAMPDEN (W.M.C.A.C.),148.0,34.0,,34.0,23.0,2020-09-14
HAMPDEN (Women's Center),306.0,28.0,53.0,81.0,26.0,2020-09-14
HAMPSHIRE,287.0,42.0,83.0,125.0,44.0,2020-09-14
MIDDLESEX (Billerica),1501.0,162.0,420.0,582.0,39.0,2020-09-14
NORFOLK (Dedham / RT 128),620.0,91.0,279.0,370.0,60.0,2020-09-14
PLYMOUTH,1140.0,105.0,524.0,629.0,55.0,2020-09-14
SUFFOLK (Nashua Street),453.0,,434.0,434.0,96.0,2020-09-14
SUFFOLK (South Bay),1796.0,549.0,,549.0,31.0,2020-09-14
WORCESTER (HOC / JAIL),822.0,170.0,411.0,581.0,71.0,2020-09-14
BARNSTABLE,300.0,65.0,118.0,183.0,61.0,2020-09-07
BERKSHIRE,292.0,52.0,93.0,145.0,50.0,2020-09-07
BRISTOL (Ash Street),206.0,15.0,79.0,94.0,46.0,2020-09-07
BRISTOL (Dartmouth),304.0,123.0,453.0,576.0,189.0,2020-09-07
BRISTOL (Women's Center),56.0,5.0,18.0,23.0,41.0,2020-09-07
DUKES,19.0,6.0,0.0,6.0,32.0,2020-09-07
ESSEX (Middleton),1291.0,204.0,700.0,904.0,70.0,2020-09-07
ESSEX (WIT),23.0,9.0,,9.0,39.0,2020-09-07
ESSEX (L.C.A.C.),340.0,80.0,,80.0,24.0,2020-09-07
FRANKLIN,144.0,60.0,84.0,144.0,100.0,2020-09-07
HAMPDEN (HOC / JAIL),1178.0,158.0,460.0,618.0,52.0,2020-09-07
HAMPDEN (W.M.C.A.C.),148.0,31.0,,31.0,21.0,2020-09-07
HAMPDEN (Women's Center),306.0,29.0,51.0,80.0,26.0,2020-09-07
HAMPSHIRE,287.0,44.0,85.0,129.0,45.0,2020-09-07
MIDDLESEX (Billerica),1501.0,167.0,418.0,585.0,39.0,2020-09-07
NORFOLK (Dedham / RT 128),620.0,90.0,277.0,367.0,59.0,2020-09-07
PLYMOUTH,1140.0,104.0,523.0,627.0,55.0,2020-09-07
SUFFOLK (Nashua Street),453.0,,438.0,438.0,97.0,2020-09-07
SUFFOLK (South Bay),1796.0,534.0,,534.0,30.0,2020-09-07
WORCESTER (HOC / JAIL),822.0,170.0,399.0,569.0,69.0,2020-09-07
BARNSTABLE,300.0,65.0,118.0,183.0,61.0,2020-08-31
BERKSHIRE,292.0,51.0,96.0,147.0,50.0,2020-08-31
BRISTOL (Ash Street),206.0,16.0,80.0,96.0,47.0,2020-08-31
BRISTOL (Dartmouth),304.0,121.0,459.0,580.0,191.0,2020-08-31
BRISTOL (Women's Center),56.0,6.0,19.0,25.0,45.0,2020-08-31
DUKES,19.0,6.0,0.0,6.0,32.0,2020-08-31
ESSEX (Middleton),1291.0,205.0,694.0,899.0,70.0,2020-08-31
ESSEX (WIT),23.0,10.0,,10.0,43.0,2020-08-31
ESSEX (L.C.A.C.),340.0,77.0,,77.0,23.0,2020-08-31
FRANKLIN,144.0,57.0,84.0,141.0,98.0,2020-08-31
HAMPDEN (HOC / JAIL),1178.0,155.0,425.0,580.0,49.0,2020-08-31
HAMPDEN (W.M.C.A.C.),148.0,18.0,,18.0,12.0,2020-08-31
HAMPDEN (Women's Center),306.0,29.0,53.0,82.0,27.0,2020-08-31
HAMPSHIRE,287.0,42.0,86.0,128.0,45.0,2020-08-31
MIDDLESEX (Billerica),1501.0,159.0,424.0,583.0,39.0,2020-08-31
NORFOLK (Dedham / RT 128),620.0,88.0,268.0,356.0,57.0,2020-08-31
PLYMOUTH,1140.0,106.0,514.0,620.0,54.0,2020-08-31
SUFFOLK (Nashua Street),453.0,,432.0,432.0,95.0,2020-08-31
SUFFOLK (South Bay),1796.0,515.0,,515.0,29.0,2020-08-31
WORCESTER (HOC / JAIL),822.0,171.0,387.0,558.0,68.0,2020-08-31
BARNSTABLE,300.0,66.0,117.0,183.0,61.0,2020-08-24
BERKSHIRE,292.0,48.0,93.0,141.0,48.0,2020-08-24
BRISTOL (Ash Street),206.0,14.0,80.0,94.0,46.0,2020-08-24
BRISTOL (Dartmouth),304.0,125.0,455.0,580.0,191.0,2020-08-24
BRISTOL (Women's Center),56.0,5.0,19.0,24.0,43.0,2020-08-24
DUKES,19.0,7.0,0.0,7.0,37.0,2020-08-24
ESSEX (Middleton),1291.0,199.0,685.0,884.0,68.0,2020-08-24
ESSEX (WIT),23.0,10.0,,10.0,43.0,2020-08-24
ESSEX (L.C.A.C.),340.0,81.0,,81.0,24.0,2020-08-24
FRANKLIN,144.0,56.0,89.0,145.0,101.0,2020-08-24
HAMPDEN (HOC / JAIL),1178.0,154.0,430.0,584.0,50.0,2020-08-24
HAMPDEN (W.M.C.A.C.),148.0,31.0,,31.0,21.0,2020-08-24
HAMPDEN (Women's Center),306.0,29.0,50.0,79.0,26.0,2020-08-24
HAMPSHIRE,287.0,43.0,78.0,121.0,42.0,2020-08-24
MIDDLESEX (Billerica),1501.0,158.0,413.0,571.0,38.0,2020-08-24
NORFOLK (Dedham / RT 128),620.0,85.0,256.0,341.0,55.0,2020-08-24
PLYMOUTH,1140.0,106.0,518.0,624.0,55.0,2020-08-24
SUFFOLK (Nashua Street),453.0,,416.0,416.0,92.0,2020-08-24
SUFFOLK (South Bay),1796.0,492.0,,492.0,27.0,2020-08-24
WORCESTER (HOC / JAIL),822.0,158.0,382.0,540.0,66.0,2020-08-24
BARNSTABLE,300.0,65.0,102.0,167.0,56.0,2020-08-17
BERKSHIRE,292.0,48.0,91.0,139.0,48.0,2020-08-17
BRISTOL (Ash Street),206.0,14.0,83.0,97.0,47.0,2020-08-17
BRISTOL (Dartmouth),304.0,131.0,446.0,577.0,190.0,2020-08-17
BRISTOL (Women's Center),56.0,5.0,18.0,23.0,41.0,2020-08-17
DUKES,19.0,5.0,0.0,5.0,26.0,2020-08-17
ESSEX (Middleton),1291.0,191.0,692.0,883.0,68.0,2020-08-17
ESSEX (WIT),23.0,6.0,,6.0,26.0,2020-08-17
ESSEX (L.C.A.C.),340.0,83.0,,83.0,24.0,2020-08-17
FRANKLIN,144.0,54.0,97.0,151.0,105.0,2020-08-17
HAMPDEN (HOC / JAIL),1178.0,155.0,414.0,569.0,48.0,2020-08-17
HAMPDEN (W.M.C.A.C.),148.0,16.0,,16.0,11.0,2020-08-17
HAMPDEN (Women's Center),306.0,25.0,47.0,72.0,24.0,2020-08-17
HAMPSHIRE,287.0,43.0,77.0,120.0,42.0,2020-08-17
MIDDLESEX (Billerica),1501.0,159.0,401.0,560.0,37.0,2020-08-17
NORFOLK (Dedham / RT 128),620.0,83.0,239.0,322.0,52.0,2020-08-17
PLYMOUTH,1140.0,104.0,504.0,608.0,53.0,2020-08-17
SUFFOLK (Nashua Street),453.0,,425.0,425.0,94.0,2020-08-17
SUFFOLK (South Bay),1796.0,488.0,,488.0,27.0,2020-08-17
WORCESTER (HOC / JAIL),822.0,173.0,369.0,542.0,66.0,2020-08-17
BARNSTABLE,300.0,65.0,98.0,163.0,54.0,2020-08-10
BERKSHIRE,292.0,51.0,85.0,136.0,47.0,2020-08-10
BRISTOL (Ash Street),206.0,16.0,81.0,97.0,47.0,2020-08-10
BRISTOL (Dartmouth),304.0,133.0,441.0,574.0,189.0,2020-08-10
BRISTOL (Women's Center),56.0,5.0,15.0,20.0,36.0,2020-08-10
DUKES,19.0,10.0,0.0,10.0,53.0,2020-08-10
ESSEX (Middleton),1291.0,198.0,694.0,892.0,69.0,2020-08-10
ESSEX (WIT),23.0,6.0,,6.0,26.0,2020-08-10
ESSEX (L.C.A.C.),340.0,79.0,,79.0,23.0,2020-08-10
FRANKLIN,144.0,54.0,92.0,146.0,101.0,2020-08-10
HAMPDEN (HOC / JAIL),1178.0,161.0,409.0,570.0,48.0,2020-08-10
HAMPDEN (W.M.C.A.C.),148.0,16.0,,16.0,11.0,2020-08-10
HAMPDEN (Women's Center),306.0,28.0,43.0,71.0,23.0,2020-08-10
HAMPSHIRE,287.0,45.0,78.0,123.0,43.0,2020-08-10
MIDDLESEX (Billerica),1501.0,159.0,391.0,550.0,37.0,2020-08-10
NORFOLK (Dedham / RT 128),620.0,90.0,238.0,328.0,53.0,2020-08-10
PLYMOUTH,1140.0,104.0,496.0,600.0,53.0,2020-08-10
SUFFOLK (Nashua Street),453.0,,397.0,397.0,88.0,2020-08-10
SUFFOLK (South Bay),1796.0,481.0,,481.0,27.0,2020-08-10
WORCESTER (HOC / JAIL),822.0,173.0,360.0,533.0,65.0,2020-08-10
BARNSTABLE,300.0,66.0,93.0,159.0,53.0,2020-08-03
BERKSHIRE,292.0,51.0,83.0,134.0,46.0,2020-08-03
BRISTOL (Ash Street),206.0,17.0,81.0,98.0,48.0,2020-08-03
BRISTOL (Dartmouth),304.0,133.0,431.0,564.0,186.0,2020-08-03
BRISTOL (Women's Center),56.0,4.0,17.0,21.0,38.0,2020-08-03
DUKES,19.0,6.0,0.0,6.0,32.0,2020-08-03
ESSEX (Middleton),1291.0,194.0,685.0,879.0,68.0,2020-08-03
ESSEX (WIT),23.0,6.0,,6.0,26.0,2020-08-03
ESSEX (L.C.A.C.),340.0,84.0,,84.0,25.0,2020-08-03
FRANKLIN,144.0,55.0,85.0,140.0,97.0,2020-08-03
HAMPDEN (HOC / JAIL),1178.0,171.0,405.0,576.0,49.0,2020-08-03
HAMPDEN (W.M.C.A.C.),148.0,16.0,,16.0,11.0,2020-08-03
HAMPDEN (Women's Center),306.0,25.0,40.0,65.0,21.0,2020-08-03
HAMPSHIRE,287.0,45.0,74.0,119.0,41.0,2020-08-03
MIDDLESEX (Billerica),1501.0,161.0,393.0,554.0,37.0,2020-08-03
NORFOLK (Dedham / RT 128),620.0,92.0,224.0,316.0,51.0,2020-08-03
PLYMOUTH,1140.0,110.0,487.0,597.0,52.0,2020-08-03
SUFFOLK (Nashua Street),453.0,,442.0,442.0,98.0,2020-08-03
SUFFOLK (South Bay),1796.0,442.0,,442.0,25.0,2020-08-03
WORCESTER (HOC / JAIL),822.0,174.0,342.0,516.0,63.0,2020-08-03
BARNSTABLE,300.0,64.0,94.0,158.0,53.0,2020-07-27
BERKSHIRE,292.0,51.0,85.0,136.0,47.0,2020-07-27
BRISTOL (Ash Street),206.0,16.0,67.0,83.0,40.0,2020-07-27
BRISTOL (Dartmouth),304.0,135.0,436.0,571.0,188.0,2020-07-27
BRISTOL (Women's Center),56.0,4.0,14.0,18.0,32.0,2020-07-27
DUKES,19.0,7.0,0.0,7.0,37.0,2020-07-27
ESSEX (Middleton),1291.0,193.0,679.0,872.0,68.0,2020-07-27
ESSEX (WIT),23.0,6.0,,6.0,26.0,2020-07-27
ESSEX (L.C.A.C.),340.0,92.0,,92.0,27.0,2020-07-27
FRANKLIN,144.0,55.0,88.0,143.0,99.0,2020-07-27
HAMPDEN (HOC / JAIL),1178.0,169.0,395.0,564.0,48.0,2020-07-27
HAMPDEN (W.M.C.A.C.),148.0,16.0,,16.0,11.0,2020-07-27
HAMPDEN (Women's Center),306.0,23.0,40.0,63.0,21.0,2020-07-27
HAMPSHIRE,287.0,46.0,74.0,120.0,42.0,2020-07-27
MIDDLESEX (Billerica),1501.0,158.0,388.0,546.0,36.0,2020-07-27
NORFOLK (Dedham / RT 128),620.0,89.0,222.0,311.0,50.0,2020-07-27
PLYMOUTH,1140.0,113.0,489.0,602.0,53.0,2020-07-27
SUFFOLK (Nashua Street),453.0,,428.0,428.0,94.0,2020-07-27
SUFFOLK (South Bay),1796.0,436.0,,436.0,24.0,2020-07-27
WORCESTER (HOC / JAIL),822.0,174.0,342.0,516.0,63.0,2020-07-27
BARNSTABLE,300.0,69.0,90.0,159.0,53.0,2020-07-20
BERKSHIRE,292.0,51.0,86.0,137.0,47.0,2020-07-20
BRISTOL (Ash Street),206.0,17.0,71.0,88.0,43.0,2020-07-20
BRISTOL (Dartmouth),304.0,134.0,403.0,537.0,177.0,2020-07-20
BRISTOL (Women's Center),56.0,4.0,14.0,18.0,32.0,2020-07-20
DUKES,19.0,8.0,0.0,8.0,42.0,2020-07-20
ESSEX (Middleton),1291.0,201.0,678.0,879.0,68.0,2020-07-20
ESSEX (WIT),23.0,7.0,,7.0,30.0,2020-07-20
ESSEX (L.C.A.C.),340.0,86.0,,86.0,25.0,2020-07-20
FRANKLIN,144.0,60.0,85.0,145.0,101.0,2020-07-20
HAMPDEN (HOC / JAIL),1178.0,170.0,393.0,563.0,48.0,2020-07-20
HAMPDEN (W.M.C.A.C.),148.0,15.0,,15.0,10.0,2020-07-20
HAMPDEN (Women's Center),306.0,22.0,42.0,64.0,21.0,2020-07-20
HAMPSHIRE,287.0,47.0,73.0,120.0,42.0,2020-07-20
MIDDLESEX (Billerica),1501.0,163.0,395.0,558.0,37.0,2020-07-20
NORFOLK (Dedham / RT 128),620.0,90.0,220.0,310.0,50.0,2020-07-20
PLYMOUTH,1140.0,112.0,483.0,595.0,52.0,2020-07-20
SUFFOLK (Nashua Street),453.0,,436.0,436.0,96.0,2020-07-20
SUFFOLK (South Bay),1796.0,426.0,,426.0,24.0,2020-07-20
WORCESTER (HOC / JAIL),822.0,197.0,403.0,600.0,73.0,2020-07-20
BARNSTABLE,300.0,68.0,90.0,158.0,53.0,2020-07-13
BERKSHIRE,292.0,58.0,85.0,143.0,49.0,2020-07-13
BRISTOL (Ash Street),206.0,16.0,74.0,90.0,44.0,2020-07-13
BRISTOL (Dartmouth),304.0,139.0,387.0,526.0,173.0,2020-07-13
BRISTOL (Women's Center),56.0,4.0,15.0,19.0,34.0,2020-07-13
DUKES,19.0,12.0,0.0,12.0,63.0,2020-07-13
ESSEX (Middleton),1291.0,200.0,675.0,875.0,68.0,2020-07-13
ESSEX (WIT),23.0,6.0,,6.0,26.0,2020-07-13
ESSEX (L.C.A.C.),340.0,90.0,,90.0,26.0,2020-07-13
FRANKLIN,144.0,63.0,78.0,141.0,98.0,2020-07-13
HAMPDEN (HOC / JAIL),1178.0,186.0,372.0,558.0,47.0,2020-07-13
HAMPDEN (W.M.C.A.C.),148.0,14.0,,14.0,9.0,2020-07-13
HAMPDEN (Women's Center),306.0,25.0,37.0,62.0,20.0,2020-07-13
HAMPSHIRE,287.0,49.0,66.0,115.0,40.0,2020-07-13
MIDDLESEX (Billerica),1501.0,163.0,395.0,558.0,37.0,2020-07-13
NORFOLK (Dedham / RT 128),620.0,94.0,222.0,316.0,51.0,2020-07-13
PLYMOUTH,1140.0,114.0,477.0,591.0,52.0,2020-07-13
SUFFOLK (Nashua Street),453.0,,436.0,436.0,96.0,2020-07-13
SUFFOLK (South Bay),1796.0,416.0,,416.0,23.0,2020-07-13
WORCESTER (HOC / JAIL),822.0,197.0,403.0,600.0,73.0,2020-07-13
BARNSTABLE,300.0,69.0,89.0,158.0,53.0,2020-07-06
BERKSHIRE,292.0,63.0,82.0,145.0,50.0,2020-07-06
BRISTOL (Ash Street),206.0,15.0,74.0,89.0,43.0,2020-07-06
BRISTOL (Dartmouth),304.0,142.0,371.0,513.0,169.0,2020-07-06
BRISTOL (Women's Center),56.0,3.0,11.0,14.0,25.0,2020-07-06
DUKES,19.0,8.0,0.0,8.0,42.0,2020-07-06
ESSEX (Middleton),1291.0,203.0,665.0,868.0,67.0,2020-07-06
ESSEX (WIT),23.0,9.0,,9.0,39.0,2020-07-06
ESSEX (L.C.A.C.),340.0,90.0,,90.0,26.0,2020-07-06
FRANKLIN,144.0,67.0,71.0,138.0,96.0,2020-07-06
HAMPDEN (HOC / JAIL),1178.0,191.0,361.0,552.0,47.0,2020-07-06
HAMPDEN (W.M.C.A.C.),148.0,15.0,,15.0,10.0,2020-07-06
HAMPDEN (Women's Center),306.0,23.0,34.0,57.0,19.0,2020-07-06
HAMPSHIRE,287.0,54.0,63.0,117.0,41.0,2020-07-06
MIDDLESEX (Billerica),1501.0,163.0,382.0,545.0,36.0,2020-07-06
NORFOLK (Dedham / RT 128),620.0,96.0,221.0,317.0,51.0,2020-07-06
PLYMOUTH,1140.0,119.0,465.0,584.0,51.0,2020-07-06
SUFFOLK (Nashua Street),453.0,,435.0,435.0,96.0,2020-07-06
SUFFOLK (South Bay),1796.0,423.0,,423.0,24.0,2020-07-06
WORCESTER (HOC / JAIL),822.0,180.0,333.0,513.0,62.0,2020-07-06
BARNSTABLE,300.0,69.0,91.0,160.0,53.0,2020-06-29
BERKSHIRE,292.0,61.0,85.0,146.0,50.0,2020-06-29
BRISTOL (Ash Street),206.0,14.0,76.0,90.0,44.0,2020-06-29
BRISTOL (Dartmouth),304.0,142.0,363.0,505.0,166.0,2020-06-29
BRISTOL (Women's Center),56.0,3.0,12.0,15.0,27.0,2020-06-29
DUKES,19.0,10.0,0.0,10.0,53.0,2020-06-29
ESSEX (Middleton),1291.0,203.0,640.0,843.0,65.0,2020-06-29
ESSEX (WIT),23.0,9.0,,9.0,39.0,2020-06-29
ESSEX (L.C.A.C.),340.0,99.0,,99.0,29.0,2020-06-29
FRANKLIN,144.0,68.0,67.0,135.0,94.0,2020-06-29
HAMPDEN (HOC / JAIL),1178.0,194.0,349.0,543.0,46.0,2020-06-29
HAMPDEN (W.M.C.A.C.),148.0,16.0,,16.0,11.0,2020-06-29
HAMPDEN (Women's Center),306.0,20.0,30.0,50.0,16.0,2020-06-29
HAMPSHIRE,287.0,55.0,68.0,123.0,43.0,2020-06-29
MIDDLESEX (Billerica),1501.0,166.0,386.0,552.0,37.0,2020-06-29
NORFOLK (Dedham / RT 128),620.0,100.0,224.0,324.0,52.0,2020-06-29
PLYMOUTH,1140.0,126.0,454.0,580.0,51.0,2020-06-29
SUFFOLK (Nashua Street),453.0,,426.0,426.0,94.0,2020-06-29
SUFFOLK (South Bay),1796.0,434.0,,434.0,24.0,2020-06-29
WORCESTER (HOC / JAIL),822.0,185.0,320.0,505.0,61.0,2020-06-29
BARNSTABLE,300.0,73.0,92.0,165.0,55.0,2020-06-22
BERKSHIRE,292.0,64.0,86.0,150.0,51.0,2020-06-22
BRISTOL (Ash Street),206.0,15.0,79.0,94.0,46.0,2020-06-22
BRISTOL (Dartmouth),304.0,145.0,356.0,501.0,165.0,2020-06-22
BRISTOL (Women's Center),56.0,4.0,11.0,15.0,27.0,2020-06-22
DUKES,19.0,8.0,0.0,8.0,42.0,2020-06-22
ESSEX (Middleton),1291.0,217.0,627.0,844.0,65.0,2020-06-22
ESSEX (WIT),23.0,4.0,,4.0,17.0,2020-06-22
ESSEX (L.C.A.C.),340.0,92.0,,92.0,27.0,2020-06-22
FRANKLIN,144.0,69.0,61.0,130.0,90.0,2020-06-22
HAMPDEN (HOC / JAIL),1178.0,204.0,355.0,559.0,47.0,2020-06-22
HAMPDEN (W.M.C.A.C.),148.0,15.0,,15.0,10.0,2020-06-22
HAMPDEN (Women's Center),306.0,21.0,32.0,53.0,17.0,2020-06-22
HAMPSHIRE,287.0,56.0,68.0,124.0,43.0,2020-06-22
MIDDLESEX (Billerica),1501.0,167.0,386.0,553.0,37.0,2020-06-22
NORFOLK (Dedham / RT 128),620.0,103.0,219.0,322.0,52.0,2020-06-22
PLYMOUTH,1140.0,136.0,448.0,584.0,51.0,2020-06-22
SUFFOLK (Nashua Street),453.0,,412.0,412.0,91.0,2020-06-22
SUFFOLK (South Bay),1796.0,439.0,,439.0,24.0,2020-06-22
WORCESTER (HOC / JAIL),822.0,194.0,306.0,500.0,61.0,2020-06-22
BARNSTABLE,300.0,75.0,91.0,166.0,55.0,2020-06-15
BERKSHIRE,292.0,62.0,81.0,143.0,49.0,2020-06-15
BRISTOL (Ash Street),206.0,16.0,77.0,93.0,45.0,2020-06-15
BRISTOL (Dartmouth),304.0,150.0,351.0,501.0,165.0,2020-06-15
BRISTOL (Women's Center),56.0,4.0,13.0,17.0,30.0,2020-06-15
DUKES,19.0,8.0,0.0,8.0,42.0,2020-06-15
ESSEX (Middleton),1291.0,215.0,622.0,837.0,65.0,2020-06-15
ESSEX (WIT),23.0,4.0,,4.0,17.0,2020-06-15
ESSEX (L.C.A.C.),340.0,99.0,,99.0,29.0,2020-06-15
FRANKLIN,144.0,66.0,59.0,125.0,87.0,2020-06-15
HAMPDEN (HOC / JAIL),1178.0,224.0,352.0,576.0,49.0,2020-06-15
HAMPDEN (W.M.C.A.C.),148.0,7.0,,7.0,5.0,2020-06-15
HAMPDEN (Women's Center),306.0,25.0,35.0,60.0,20.0,2020-06-15
HAMPSHIRE,287.0,55.0,63.0,118.0,41.0,2020-06-15
MIDDLESEX (Billerica),1501.0,177.0,381.0,558.0,37.0,2020-06-15
NORFOLK (Dedham / RT 128),620.0,104.0,217.0,321.0,52.0,2020-06-15
PLYMOUTH,1140.0,142.0,463.0,605.0,53.0,2020-06-15
SUFFOLK (Nashua Street),453.0,,405.0,405.0,89.0,2020-06-15
SUFFOLK (South Bay),1796.0,444.0,,444.0,25.0,2020-06-15
WORCESTER (HOC / JAIL),822.0,238.0,262.0,500.0,61.0,2020-06-15
BARNSTABLE,300.0,84.0,88.0,172.0,57.0,2020-06-08
BERKSHIRE,292.0,65.0,87.0,152.0,52.0,2020-06-08
BRISTOL (Ash Street),206.0,15.0,76.0,91.0,44.0,2020-06-08
BRISTOL (Dartmouth),304.0,151.0,348.0,499.0,164.0,2020-06-08
BRISTOL (Women's Center),56.0,5.0,14.0,19.0,34.0,2020-06-08
DUKES,19.0,9.0,0.0,9.0,47.0,2020-06-08
ESSEX (Middleton),1291.0,233.0,625.0,858.0,66.0,2020-06-08
ESSEX (WIT),23.0,6.0,,6.0,26.0,2020-06-08
ESSEX (L.C.A.C.),340.0,88.0,,88.0,26.0,2020-06-08
FRANKLIN,144.0,66.0,63.0,129.0,90.0,2020-06-08
HAMPDEN (HOC / JAIL),1178.0,232.0,353.0,585.0,50.0,2020-06-08
HAMPDEN (W.M.C.A.C.),148.0,8.0,,8.0,5.0,2020-06-08
HAMPDEN (Women's Center),306.0,24.0,32.0,56.0,18.0,2020-06-08
HAMPSHIRE,287.0,60.0,62.0,122.0,43.0,2020-06-08
MIDDLESEX (Billerica),1501.0,187.0,373.0,560.0,37.0,2020-06-08
NORFOLK (Dedham / RT 128),620.0,109.0,205.0,314.0,51.0,2020-06-08
PLYMOUTH,1140.0,140.0,465.0,605.0,53.0,2020-06-08
SUFFOLK (Nashua Street),453.0,,419.0,419.0,92.0,2020-06-08
SUFFOLK (South Bay),1796.0,460.0,,460.0,26.0,2020-06-08
WORCESTER (HOC / JAIL),822.0,206.0,299.0,505.0,61.0,2020-06-08
BARNSTABLE,300.0,92.0,86.0,178.0,59.0,2020-06-01
BERKSHIRE,292.0,67.0,79.0,146.0,50.0,2020-06-01
BRISTOL (Ash Street),206.0,15.0,80.0,95.0,46.0,2020-06-01
BRISTOL (Dartmouth),304.0,157.0,350.0,507.0,167.0,2020-06-01
BRISTOL (Women's Center),56.0,5.0,10.0,15.0,27.0,2020-06-01
DUKES,19.0,8.0,0.0,8.0,42.0,2020-06-01
ESSEX (Middleton),1291.0,237.0,614.0,851.0,66.0,2020-06-01
ESSEX (WIT),23.0,6.0,,6.0,26.0,2020-06-01
ESSEX (L.C.A.C.),340.0,99.0,,99.0,29.0,2020-06-01
FRANKLIN,144.0,67.0,54.0,121.0,84.0,2020-06-01
HAMPDEN (HOC / JAIL),1178.0,237.0,357.0,594.0,50.0,2020-06-01
HAMPDEN (W.M.C.A.C.),148.0,12.0,,12.0,8.0,2020-06-01
HAMPDEN (Women's Center),306.0,25.0,36.0,61.0,20.0,2020-06-01
HAMPSHIRE,287.0,63.0,62.0,125.0,44.0,2020-06-01
MIDDLESEX (Billerica),1501.0,198.0,370.0,568.0,38.0,2020-06-01
NORFOLK (Dedham / RT 128),620.0,109.0,197.0,306.0,49.0,2020-06-01
PLYMOUTH,1140.0,148.0,480.0,628.0,55.0,2020-06-01
SUFFOLK (Nashua Street),453.0,,390.0,390.0,86.0,2020-06-01
SUFFOLK (South Bay),1796.0,482.0,,482.0,27.0,2020-06-01
WORCESTER (HOC / JAIL),822.0,225.0,289.0,514.0,63.0,2020-06-01
BARNSTABLE,300.0,94.0,77.0,171.0,57.0,2020-05-25
BERKSHIRE,292.0,67.0,80.0,147.0,50.0,2020-05-25
BRISTOL (Ash Street),206.0,14.0,79.0,93.0,45.0,2020-05-25
BRISTOL (Dartmouth),304.0,159.0,341.0,500.0,164.0,2020-05-25
BRISTOL (Women's Center),56.0,4.0,21.0,25.0,45.0,2020-05-25
DUKES,19.0,8.0,0.0,8.0,42.0,2020-05-25
ESSEX (Middleton),1291.0,245.0,615.0,860.0,67.0,2020-05-25
ESSEX (WIT),23.0,6.0,,6.0,26.0,2020-05-25
ESSEX (L.C.A.C.),340.0,113.0,,113.0,33.0,2020-05-25
FRANKLIN,144.0,73.0,52.0,125.0,87.0,2020-05-25
HAMPDEN (HOC / JAIL),1178.0,246.0,343.0,589.0,50.0,2020-05-25
HAMPDEN (W.M.C.A.C.),148.0,14.0,,14.0,9.0,2020-05-25
HAMPDEN (Women's Center),306.0,28.0,28.0,56.0,18.0,2020-05-25
HAMPSHIRE,287.0,65.0,59.0,124.0,43.0,2020-05-25
MIDDLESEX (Billerica),1501.0,204.0,367.0,571.0,38.0,2020-05-25
NORFOLK (Dedham / RT 128),620.0,112.0,201.0,313.0,50.0,2020-05-25
PLYMOUTH,1140.0,150.0,483.0,633.0,56.0,2020-05-25
SUFFOLK (Nashua Street),453.0,,385.0,385.0,85.0,2020-05-25
SUFFOLK (South Bay),1796.0,491.0,,491.0,27.0,2020-05-25
WORCESTER (HOC / JAIL),822.0,225.0,289.0,514.0,63.0,2020-05-25
BARNSTABLE,300.0,99.0,75.0,174.0,58.0,2020-05-18
BERKSHIRE,292.0,69.0,77.0,146.0,50.0,2020-05-18
BRISTOL (Ash Street),206.0,15.0,80.0,95.0,46.0,2020-05-18
BRISTOL (Dartmouth),304.0,173.0,330.0,503.0,165.0,2020-05-18
BRISTOL (Women's Center),56.0,6.0,12.0,18.0,32.0,2020-05-18
DUKES,19.0,11.0,0.0,11.0,58.0,2020-05-18
ESSEX (Middleton),1291.0,256.0,595.0,851.0,66.0,2020-05-18
ESSEX (WIT),23.0,7.0,,7.0,30.0,2020-05-18
ESSEX (L.C.A.C.),340.0,121.0,,121.0,36.0,2020-05-18
FRANKLIN,144.0,75.0,45.0,120.0,83.0,2020-05-18
HAMPDEN (HOC / JAIL),1178.0,277.0,351.0,628.0,53.0,2020-05-18
HAMPDEN (W.M.C.A.C.),148.0,19.0,,19.0,13.0,2020-05-18
HAMPDEN (Women's Center),306.0,42.0,23.0,65.0,21.0,2020-05-18
HAMPSHIRE,287.0,67.0,60.0,127.0,44.0,2020-05-18
MIDDLESEX (Billerica),1501.0,214.0,366.0,580.0,39.0,2020-05-18
NORFOLK (Dedham / RT 128),620.0,112.0,198.0,310.0,50.0,2020-05-18
PLYMOUTH,1140.0,159.0,492.0,651.0,57.0,2020-05-18
SUFFOLK (Nashua Street),453.0,,404.0,404.0,89.0,2020-05-18
SUFFOLK (South Bay),1796.0,480.0,,480.0,27.0,2020-05-18
WORCESTER (HOC / JAIL),822.0,223.0,297.0,520.0,63.0,2020-05-18
BARNSTABLE,300.0,98.0,70.0,168.0,56.0,2020-05-11
BERKSHIRE,292.0,73.0,79.0,152.0,52.0,2020-05-11
BRISTOL (Ash Street),206.0,17.0,81.0,98.0,48.0,2020-05-11
BRISTOL (Dartmouth),304.0,182.0,333.0,515.0,169.0,2020-05-11
BRISTOL (Women's Center),56.0,6.0,12.0,18.0,32.0,2020-05-11
DUKES,19.0,11.0,0.0,11.0,58.0,2020-05-11
ESSEX (Middleton),1291.0,273.0,598.0,871.0,67.0,2020-05-11
ESSEX (WIT),23.0,8.0,,8.0,35.0,2020-05-11
ESSEX (L.C.A.C.),340.0,128.0,,128.0,38.0,2020-05-11
FRANKLIN,144.0,77.0,47.0,124.0,86.0,2020-05-11
HAMPDEN (HOC / JAIL),1178.0,277.0,351.0,628.0,53.0,2020-05-11
HAMPDEN (W.M.C.A.C.),148.0,19.0,,19.0,13.0,2020-05-11
HAMPDEN (Women's Center),306.0,42.0,23.0,65.0,21.0,2020-05-11
HAMPSHIRE,287.0,73.0,60.0,133.0,46.0,2020-05-11
MIDDLESEX (Billerica),1501.0,224.0,366.0,590.0,39.0,2020-05-11
NORFOLK (Dedham / RT 128),620.0,115.0,204.0,319.0,51.0,2020-05-11
PLYMOUTH,1140.0,159.0,492.0,651.0,57.0,2020-05-11
SUFFOLK (Nashua Street),453.0,,402.0,402.0,89.0,2020-05-11
SUFFOLK (South Bay),1796.0,508.0,,508.0,28.0,2020-05-11
WORCESTER (HOC / JAIL),822.0,235.0,290.0,525.0,64.0,2020-05-11
BARNSTABLE,300.0,101.0,69.0,170.0,57.0,2020-05-04
BERKSHIRE,292.0,77.0,70.0,147.0,50.0,2020-05-04
BRISTOL (Ash Street),206.0,16.0,80.0,96.0,47.0,2020-05-04
BRISTOL (Dartmouth),304.0,194.0,336.0,530.0,174.0,2020-05-04
BRISTOL (Women's Center),56.0,7.0,14.0,21.0,38.0,2020-05-04
DUKES,19.0,11.0,0.0,11.0,58.0,2020-05-04
ESSEX (Middleton),1291.0,278.0,594.0,872.0,68.0,2020-05-04
ESSEX (WIT),23.0,13.0,,13.0,57.0,2020-05-04
ESSEX (L.C.A.C.),340.0,139.0,,139.0,41.0,2020-05-04
FRANKLIN,144.0,82.0,48.0,130.0,90.0,2020-05-04
HAMPDEN (HOC / JAIL),1178.0,288.0,355.0,643.0,55.0,2020-05-04
HAMPDEN (W.M.C.A.C.),148.0,23.0,,23.0,16.0,2020-05-04
HAMPDEN (Women's Center),306.0,44.0,24.0,68.0,22.0,2020-05-04
HAMPSHIRE,287.0,77.0,62.0,139.0,48.0,2020-05-04
MIDDLESEX (Billerica),1501.0,237.0,358.0,595.0,40.0,2020-05-04
NORFOLK (Dedham / RT 128),620.0,127.0,198.0,325.0,52.0,2020-05-04
PLYMOUTH,1140.0,164.0,502.0,666.0,58.0,2020-05-04
SUFFOLK (Nashua Street),453.0,,394.0,394.0,87.0,2020-05-04
SUFFOLK (South Bay),1796.0,536.0,,536.0,30.0,2020-05-04
WORCESTER (HOC / JAIL),822.0,251.0,303.0,554.0,67.0,2020-05-04
BARNSTABLE,300.0,106.0,71.0,177.0,59.0,2020-04-27
BERKSHIRE,292.0,78.0,72.0,150.0,51.0,2020-04-27
BRISTOL (Ash Street),206.0,17.0,17.0,34.0,17.0,2020-04-27
BRISTOL (Dartmouth),304.0,199.0,345.0,544.0,179.0,2020-04-27
BRISTOL (Women's Center),56.0,10.0,11.0,21.0,38.0,2020-04-27
DUKES,19.0,12.0,0.0,12.0,63.0,2020-04-27
ESSEX (Middleton),1291.0,289.0,586.0,875.0,68.0,2020-04-27
ESSEX (WIT),23.0,13.0,,13.0,57.0,2020-04-27
ESSEX (L.C.A.C.),340.0,151.0,,151.0,44.0,2020-04-27
FRANKLIN,144.0,84.0,49.0,133.0,92.0,2020-04-27
HAMPDEN (HOC / JAIL),1178.0,302.0,354.0,656.0,56.0,2020-04-27
HAMPDEN (W.M.C.A.C.),148.0,26.0,,26.0,18.0,2020-04-27
HAMPDEN (Women's Center),306.0,48.0,24.0,72.0,24.0,2020-04-27
HAMPSHIRE,287.0,84.0,63.0,147.0,51.0,2020-04-27
MIDDLESEX (Billerica),1501.0,245.0,360.0,605.0,40.0,2020-04-27
NORFOLK (Dedham / RT 128),620.0,132.0,201.0,333.0,54.0,2020-04-27
PLYMOUTH,1140.0,172.0,508.0,680.0,60.0,2020-04-27
SUFFOLK (Nashua Street),453.0,,397.0,397.0,88.0,2020-04-27
SUFFOLK (South Bay),1796.0,554.0,,554.0,31.0,2020-04-27
WORCESTER (HOC / JAIL),822.0,282.0,322.0,604.0,73.0,2020-04-27
BARNSTABLE,300.0,108.0,71.0,179.0,60.0,2020-04-20
BERKSHIRE,292.0,81.0,68.0,149.0,51.0,2020-04-20
BRISTOL (Ash Street),206.0,18.0,84.0,102.0,50.0,2020-04-20
BRISTOL (Dartmouth),304.0,207.0,354.0,561.0,185.0,2020-04-20
BRISTOL (Women's Center),56.0,11.0,11.0,22.0,39.0,2020-04-20
DUKES,19.0,11.0,0.0,11.0,58.0,2020-04-20
ESSEX (Middleton),1291.0,302.0,585.0,887.0,69.0,2020-04-20
ESSEX (WIT),23.0,14.0,,14.0,61.0,2020-04-20
ESSEX (L.C.A.C.),340.0,159.0,,159.0,47.0,2020-04-20
FRANKLIN,144.0,84.0,50.0,134.0,93.0,2020-04-20
HAMPDEN (HOC / JAIL),1178.0,298.0,362.0,660.0,56.0,2020-04-20
HAMPDEN (W.M.C.A.C.),148.0,33.0,,33.0,22.0,2020-04-20
HAMPDEN (Women's Center),306.0,49.0,30.0,79.0,26.0,2020-04-20
HAMPSHIRE,287.0,86.0,64.0,150.0,52.0,2020-04-20
MIDDLESEX (Billerica),1501.0,256.0,369.0,625.0,42.0,2020-04-20
NORFOLK (Dedham / RT 128),620.0,138.0,209.0,347.0,56.0,2020-04-20
PLYMOUTH,1140.0,174.0,528.0,702.0,62.0,2020-04-20
SUFFOLK (Nashua Street),453.0,,397.0,397.0,88.0,2020-04-20
SUFFOLK (South Bay),1796.0,596.0,,596.0,33.0,2020-04-20
WORCESTER (HOC / JAIL),822.0,282.0,336.0,618.0,75.0,2020-04-20
BARNSTABLE,300.0,113.0,81.0,194.0,65.0,2020-04-13
BERKSHIRE,292.0,87.0,69.0,156.0,53.0,2020-04-13
BRISTOL (Ash Street),206.0,18.0,93.0,111.0,54.0,2020-04-13
BRISTOL (Dartmouth),304.0,217.0,367.0,584.0,192.0,2020-04-13
BRISTOL (Women's Center),56.0,12.0,15.0,27.0,48.0,2020-04-13
DUKES,19.0,11.0,0.0,11.0,58.0,2020-04-13
ESSEX (Middleton),1291.0,322.0,603.0,925.0,72.0,2020-04-13
ESSEX (WIT),23.0,21.0,,21.0,91.0,2020-04-13
ESSEX (L.C.A.C.),340.0,173.0,,173.0,51.0,2020-04-13
FRANKLIN,144.0,87.0,54.0,141.0,98.0,2020-04-13
HAMPDEN (HOC / JAIL),1178.0,305.0,395.0,700.0,59.0,2020-04-13
HAMPDEN (W.M.C.A.C.),148.0,52.0,,52.0,35.0,2020-04-13
HAMPDEN (Women's Center),306.0,42.0,46.0,88.0,29.0,2020-04-13
HAMPSHIRE,287.0,92.0,68.0,160.0,56.0,2020-04-13
MIDDLESEX (Billerica),1501.0,270.0,380.0,650.0,43.0,2020-04-13
NORFOLK (Dedham / RT 128),620.0,146.0,231.0,377.0,61.0,2020-04-13
PLYMOUTH,1140.0,185.0,572.0,757.0,66.0,2020-04-13
SUFFOLK (Nashua Street),453.0,,415.0,415.0,92.0,2020-04-13
SUFFOLK (South Bay),1796.0,633.0,,633.0,35.0,2020-04-13
WORCESTER (HOC / JAIL),822.0,280.0,336.0,616.0,75.0,2020-04-13
BARNSTABLE,300.0,119.0,90.0,209.0,70.0,2020-04-06
BERKSHIRE,292.0,97.0,86.0,183.0,63.0,2020-04-06
BRISTOL (Ash Street),206.0,18.0,98.0,116.0,56.0,2020-04-06
BRISTOL (Dartmouth),304.0,226.0,454.0,680.0,224.0,2020-04-06
BRISTOL (Women's Center),56.0,14.0,24.0,38.0,68.0,2020-04-06
DUKES,19.0,11.0,0.0,11.0,58.0,2020-04-06
ESSEX (Middleton),1291.0,331.0,638.0,969.0,75.0,2020-04-06
ESSEX (WIT),23.0,23.0,,23.0,100.0,2020-04-06
ESSEX (L.C.A.C.),340.0,183.0,,183.0,54.0,2020-04-06
FRANKLIN,144.0,88.0,62.0,150.0,104.0,2020-04-06
HAMPDEN (HOC / JAIL),1178.0,321.0,410.0,731.0,62.0,2020-04-06
HAMPDEN (W.M.C.A.C.),148.0,58.0,,58.0,39.0,2020-04-06
HAMPDEN (Women's Center),306.0,49.0,64.0,113.0,37.0,2020-04-06
HAMPSHIRE,287.0,95.0,73.0,168.0,59.0,2020-04-06
MIDDLESEX (Billerica),1501.0,284.0,404.0,688.0,46.0,2020-04-06
NORFOLK (Dedham / RT 128),620.0,160.0,264.0,424.0,68.0,2020-04-06
PLYMOUTH,1140.0,185.0,616.0,801.0,70.0,2020-04-06
SUFFOLK (Nashua Street),453.0,,452.0,452.0,100.0,2020-04-06
SUFFOLK (South Bay),1796.0,703.0,,703.0,39.0,2020-04-06
WORCESTER (HOC / JAIL),822.0,344.0,459.0,803.0,98.0,2020-04-06
BARNSTABLE,300.0,123.0,95.0,218.0,73.0,2020-03-30
BERKSHIRE,292.0,97.0,86.0,183.0,63.0,2020-03-30
BRISTOL (Ash Street),206.0,18.0,99.0,117.0,57.0,2020-03-30
BRISTOL (Dartmouth),304.0,236.0,469.0,705.0,232.0,2020-03-30
BRISTOL (Women's Center),56.0,18.0,28.0,46.0,82.0,2020-03-30
DUKES,19.0,13.0,0.0,13.0,68.0,2020-03-30
ESSEX (Middleton),1291.0,324.0,668.0,992.0,77.0,2020-03-30
ESSEX (WIT),23.0,23.0,,23.0,100.0,2020-03-30
ESSEX (L.C.A.C.),340.0,198.0,,198.0,58.0,2020-03-30
FRANKLIN,144.0,92.0,69.0,161.0,112.0,2020-03-30
HAMPDEN (HOC / JAIL),1178.0,327.0,430.0,757.0,64.0,2020-03-30
HAMPDEN (W.M.C.A.C.),148.0,70.0,,70.0,47.0,2020-03-30
HAMPDEN (Women's Center),306.0,53.0,72.0,125.0,41.0,2020-03-30
HAMPSHIRE,287.0,100.0,85.0,185.0,64.0,2020-03-30
MIDDLESEX (Billerica),1501.0,300.0,422.0,722.0,48.0,2020-03-30
NORFOLK (Dedham / RT 128),620.0,170.0,290.0,460.0,74.0,2020-03-30
PLYMOUTH,1140.0,190.0,637.0,827.0,73.0,2020-03-30
SUFFOLK (Nashua Street),453.0,,475.0,475.0,105.0,2020-03-30
SUFFOLK (South Bay),1796.0,750.0,,750.0,42.0,2020-03-30
WORCESTER (HOC / JAIL),822.0,308.0,428.0,736.0,90.0,2020-03-30
BARNSTABLE,300.0,124.0,103.0,227.0,76.0,2020-03-23
BERKSHIRE,292.0,105.0,87.0,192.0,66.0,2020-03-23
BRISTOL (Ash Street),206.0,18.0,105.0,123.0,60.0,2020-03-23
BRISTOL (Dartmouth),304.0,244.0,502.0,746.0,245.0,2020-03-23
BRISTOL (Women's Center),56.0,17.0,32.0,49.0,88.0,2020-03-23
DUKES,19.0,13.0,0.0,13.0,68.0,2020-03-23
ESSEX (Middleton),1291.0,339.0,692.0,1031.0,80.0,2020-03-23
ESSEX (WIT),23.0,23.0,,23.0,100.0,2020-03-23
ESSEX (L.C.A.C.),340.0,202.0,,202.0,59.0,2020-03-23
FRANKLIN,144.0,95.0,85.0,180.0,125.0,2020-03-23
HAMPDEN (HOC / JAIL),1178.0,334.0,431.0,765.0,65.0,2020-03-23
HAMPDEN (W.M.C.A.C.),148.0,81.0,,81.0,55.0,2020-03-23
HAMPDEN (Women's Center),306.0,56.0,75.0,131.0,43.0,2020-03-23
HAMPSHIRE,287.0,104.0,88.0,192.0,67.0,2020-03-23
MIDDLESEX (Billerica),1501.0,306.0,436.0,742.0,49.0,2020-03-23
NORFOLK (Dedham / RT 128),620.0,176.0,300.0,476.0,77.0,2020-03-23
PLYMOUTH,1140.0,190.0,694.0,884.0,78.0,2020-03-23
SUFFOLK (Nashua Street),453.0,,489.0,489.0,108.0,2020-03-23
SUFFOLK (South Bay),1796.0,787.0,,787.0,44.0,2020-03-23
WORCESTER (HOC / JAIL),822.0,329.0,451.0,780.0,95.0,2020-03-23
BARNSTABLE,300.0,133.0,107.0,240.0,80.0,2020-03-16
BERKSHIRE,292.0,106.0,84.0,190.0,65.0,2020-03-16
BRISTOL (Ash Street),206.0,18.0,131.0,149.0,72.0,2020-03-16
BRISTOL (Dartmouth),304.0,252.0,574.0,826.0,272.0,2020-03-16
BRISTOL (Women's Center),56.0,20.0,41.0,61.0,109.0,2020-03-16
DUKES,19.0,15.0,0.0,15.0,79.0,2020-03-16
ESSEX (Middleton),1291.0,358.0,721.0,1079.0,84.0,2020-03-16
ESSEX (WIT),23.0,27.0,,27.0,117.0,2020-03-16
ESSEX (L.C.A.C.),340.0,217.0,,217.0,64.0,2020-03-16
FRANKLIN,144.0,95.0,92.0,187.0,130.0,2020-03-16
HAMPDEN (HOC / JAIL),1178.0,341.0,447.0,788.0,67.0,2020-03-16
HAMPDEN (W.M.C.A.C.),148.0,94.0,,94.0,64.0,2020-03-16
HAMPDEN (Women's Center),306.0,61.0,80.0,141.0,46.0,2020-03-16
HAMPSHIRE,287.0,107.0,89.0,196.0,68.0,2020-03-16
MIDDLESEX (Billerica),1501.0,318.0,457.0,775.0,52.0,2020-03-16
NORFOLK (Dedham / RT 128),620.0,176.0,302.0,478.0,77.0,2020-03-16
PLYMOUTH,1140.0,196.0,730.0,926.0,81.0,2020-03-16
SUFFOLK (Nashua Street),453.0,,502.0,502.0,111.0,2020-03-16
SUFFOLK (South Bay),1796.0,809.0,,809.0,45.0,2020-03-16
WORCESTER (HOC / JAIL),822.0,344.0,459.0,803.0,98.0,2020-03-16
BARNSTABLE,300.0,135.0,105.0,240.0,80.0,2020-03-09
BERKSHIRE,292.0,108.0,84.0,192.0,66.0,2020-03-09
BRISTOL (Ash Street),206.0,18.0,131.0,149.0,72.0,2020-03-09
BRISTOL (Dartmouth),304.0,252.0,511.0,763.0,251.0,2020-03-09
BRISTOL (Women's Center),56.0,20.0,41.0,61.0,109.0,2020-03-09
DUKES,19.0,17.0,0.0,17.0,89.0,2020-03-09
ESSEX (Middleton),1291.0,364.0,741.0,1105.0,86.0,2020-03-09
ESSEX (WIT),23.0,27.0,,27.0,117.0,2020-03-09
ESSEX (L.C.A.C.),340.0,208.0,,208.0,61.0,2020-03-09
FRANKLIN,144.0,98.0,101.0,199.0,138.0,2020-03-09
HAMPDEN (HOC / JAIL),1178.0,350.0,429.0,779.0,66.0,2020-03-09
HAMPDEN (W.M.C.A.C.),148.0,96.0,,96.0,65.0,2020-03-09
HAMPDEN (Women's Center),306.0,64.0,88.0,152.0,50.0,2020-03-09
HAMPSHIRE,287.0,107.0,102.0,209.0,73.0,2020-03-09
MIDDLESEX (Billerica),1501.0,330.0,460.0,790.0,53.0,2020-03-09
NORFOLK (Dedham / RT 128),620.0,177.0,300.0,477.0,77.0,2020-03-09
PLYMOUTH,1140.0,199.0,743.0,942.0,83.0,2020-03-09
SUFFOLK (Nashua Street),453.0,,506.0,506.0,112.0,2020-03-09
SUFFOLK (South Bay),1796.0,826.0,,826.0,46.0,2020-03-09
WORCESTER (HOC / JAIL),822.0,340.0,468.0,808.0,98.0,2020-03-09
BARNSTABLE,300.0,135.0,105.0,240.0,80.0,2020-03-02
BERKSHIRE,292.0,93.0,101.0,194.0,66.0,2020-03-02
BRISTOL (Ash Street),206.0,18.0,128.0,146.0,71.0,2020-03-02
BRISTOL (Dartmouth),304.0,248.0,495.0,743.0,244.0,2020-03-02
BRISTOL (Women's Center),56.0,19.0,45.0,64.0,114.0,2020-03-02
DUKES,19.0,17.0,0.0,17.0,89.0,2020-03-02
ESSEX (Middleton),1291.0,347.0,735.0,1082.0,84.0,2020-03-02
ESSEX (WIT),23.0,27.0,,27.0,117.0,2020-03-02
ESSEX (L.C.A.C.),340.0,204.0,,204.0,60.0,2020-03-02
FRANKLIN,144.0,97.0,89.0,186.0,129.0,2020-03-02
HAMPDEN (HOC / JAIL),1178.0,362.0,428.0,790.0,67.0,2020-03-02
HAMPDEN (W.M.C.A.C.),148.0,99.0,,99.0,67.0,2020-03-02
HAMPDEN (Women's Center),306.0,65.0,86.0,151.0,49.0,2020-03-02
HAMPSHIRE,287.0,107.0,104.0,211.0,74.0,2020-03-02
MIDDLESEX (Billerica),1501.0,321.0,473.0,794.0,53.0,2020-03-02
NORFOLK (Dedham / RT 128),620.0,176.0,311.0,487.0,79.0,2020-03-02
PLYMOUTH,1140.0,201.0,732.0,933.0,82.0,2020-03-02
SUFFOLK (Nashua Street),453.0,,521.0,521.0,115.0,2020-03-02
SUFFOLK (South Bay),1796.0,832.0,,832.0,46.0,2020-03-02
WORCESTER (HOC / JAIL),822.0,333.0,464.0,797.0,97.0,2020-03-02
BARNSTABLE,300.0,136.0,120.0,256.0,85.0,2020-02-24
BERKSHIRE,292.0,107.0,88.0,195.0,67.0,2020-02-24
BRISTOL (Ash Street),206.0,18.0,133.0,151.0,73.0,2020-02-24
BRISTOL (Dartmouth),304.0,243.0,481.0,724.0,238.0,2020-02-24
BRISTOL (Women's Center),56.0,20.0,43.0,63.0,113.0,2020-02-24
DUKES,19.0,20.0,0.0,20.0,105.0,2020-02-24
ESSEX (Middleton),1291.0,339.0,742.0,1081.0,84.0,2020-02-24
ESSEX (WIT),23.0,25.0,,25.0,109.0,2020-02-24
ESSEX (L.C.A.C.),340.0,202.0,,202.0,59.0,2020-02-24
FRANKLIN,144.0,99.0,87.0,186.0,129.0,2020-02-24
HAMPDEN (HOC / JAIL),1178.0,357.0,442.0,799.0,68.0,2020-02-24
HAMPDEN (W.M.C.A.C.),148.0,96.0,,96.0,65.0,2020-02-24
HAMPDEN (Women's Center),306.0,60.0,93.0,153.0,50.0,2020-02-24
HAMPSHIRE,287.0,107.0,98.0,205.0,71.0,2020-02-24
MIDDLESEX (Billerica),1501.0,321.0,473.0,794.0,53.0,2020-02-24
NORFOLK (Dedham / RT 128),620.0,172.0,320.0,492.0,79.0,2020-02-24
PLYMOUTH,1140.0,198.0,707.0,905.0,79.0,2020-02-24
SUFFOLK (Nashua Street),453.0,,536.0,536.0,118.0,2020-02-24
SUFFOLK (South Bay),1796.0,834.0,,834.0,46.0,2020-02-24
WORCESTER (HOC / JAIL),822.0,356.0,463.0,819.0,100.0,2020-02-24
BARNSTABLE,300.0,140.0,123.0,263.0,88.0,2020-02-17
BERKSHIRE,292.0,106.0,86.0,192.0,66.0,2020-02-17
BRISTOL (Ash Street),206.0,18.0,139.0,157.0,76.0,2020-02-17
BRISTOL (Dartmouth),304.0,241.0,463.0,704.0,232.0,2020-02-17
BRISTOL (Women's Center),56.0,20.0,39.0,59.0,105.0,2020-02-17
DUKES,19.0,20.0,0.0,20.0,105.0,2020-02-17
ESSEX (Middleton),1291.0,326.0,749.0,1075.0,83.0,2020-02-17
ESSEX (WIT),23.0,28.0,,28.0,122.0,2020-02-17
ESSEX (L.C.A.C.),340.0,220.0,,220.0,65.0,2020-02-17
FRANKLIN,144.0,97.0,83.0,180.0,125.0,2020-02-17
HAMPDEN (HOC / JAIL),1178.0,348.0,448.0,796.0,68.0,2020-02-17
HAMPDEN (W.M.C.A.C.),148.0,92.0,,92.0,62.0,2020-02-17
HAMPDEN (Women's Center),306.0,61.0,92.0,153.0,50.0,2020-02-17
HAMPSHIRE,287.0,107.0,103.0,210.0,73.0,2020-02-17
MIDDLESEX (Billerica),1501.0,330.0,467.0,797.0,53.0,2020-02-17
NORFOLK (Dedham / RT 128),620.0,166.0,304.0,470.0,76.0,2020-02-17
PLYMOUTH,1140.0,199.0,682.0,881.0,77.0,2020-02-17
SUFFOLK (Nashua Street),453.0,,544.0,544.0,120.0,2020-02-17
SUFFOLK (South Bay),1796.0,815.0,,815.0,45.0,2020-02-17
WORCESTER (HOC / JAIL),822.0,356.0,463.0,819.0,100.0,2020-02-17
BARNSTABLE,300.0,153.0,125.0,278.0,93.0,2020-02-03
BERKSHIRE,292.0,112.0,88.0,200.0,68.0,2020-02-03
BRISTOL (Ash Street),206.0,18.0,141.0,159.0,77.0,2020-02-03
BRISTOL (Dartmouth),304.0,235.0,486.0,721.0,237.0,2020-02-03
BRISTOL (Women's Center),56.0,18.0,42.0,60.0,107.0,2020-02-03
DUKES,19.0,16.0,0.0,16.0,84.0,2020-02-03
ESSEX (Middleton),1291.0,335.0,737.0,1072.0,83.0,2020-02-03
ESSEX (WIT),23.0,25.0,,25.0,109.0,2020-02-03
ESSEX (L.C.A.C.),340.0,218.0,,218.0,64.0,2020-02-03
FRANKLIN,144.0,93.0,95.0,188.0,131.0,2020-02-03
HAMPDEN (HOC / JAIL),1178.0,352.0,442.0,794.0,67.0,2020-02-03
HAMPDEN (W.M.C.A.C.),148.0,92.0,,92.0,62.0,2020-02-03
HAMPDEN (Women's Center),306.0,60.0,86.0,146.0,48.0,2020-02-03
HAMPSHIRE,287.0,106.0,107.0,213.0,74.0,2020-02-03
MIDDLESEX (Billerica),1501.0,322.0,484.0,806.0,54.0,2020-02-03
NORFOLK (Dedham / RT 128),620.0,157.0,321.0,478.0,77.0,2020-02-03
PLYMOUTH,1140.0,196.0,706.0,902.0,79.0,2020-02-03
SUFFOLK (Nashua Street),453.0,,542.0,542.0,120.0,2020-02-03
SUFFOLK (South Bay),1796.0,825.0,,825.0,46.0,2020-02-03
WORCESTER (HOC / JAIL),822.0,341.0,462.0,803.0,98.0,2020-02-03
BARNSTABLE,300.0,149.0,129.0,278.0,93.0,2020-01-27
BERKSHIRE,292.0,112.0,89.0,201.0,69.0,2020-01-27
BRISTOL (Ash Street),206.0,18.0,144.0,162.0,79.0,2020-01-27
BRISTOL (Dartmouth),304.0,242.0,493.0,735.0,242.0,2020-01-27
BRISTOL (Women's Center),56.0,19.0,48.0,67.0,120.0,2020-01-27
DUKES,19.0,15.0,0.0,15.0,79.0,2020-01-27
ESSEX (Middleton),1291.0,337.0,728.0,1065.0,82.0,2020-01-27
ESSEX (WIT),23.0,29.0,,29.0,126.0,2020-01-27
ESSEX (L.C.A.C.),340.0,202.0,,202.0,59.0,2020-01-27
FRANKLIN,144.0,93.0,91.0,184.0,128.0,2020-01-27
HAMPDEN (HOC / JAIL),1178.0,357.0,444.0,801.0,68.0,2020-01-27
HAMPDEN (W.M.C.A.C.),148.0,90.0,,90.0,61.0,2020-01-27
HAMPDEN (Women's Center),306.0,52.0,100.0,152.0,50.0,2020-01-27
HAMPSHIRE,287.0,110.0,107.0,217.0,76.0,2020-01-27
MIDDLESEX (Billerica),1501.0,329.0,468.0,797.0,53.0,2020-01-27
NORFOLK (Dedham / RT 128),620.0,154.0,328.0,482.0,78.0,2020-01-27
PLYMOUTH,1140.0,198.0,709.0,907.0,80.0,2020-01-27
SUFFOLK (Nashua Street),453.0,,552.0,552.0,122.0,2020-01-27
SUFFOLK (South Bay),1796.0,801.0,,801.0,45.0,2020-01-27
WORCESTER (HOC / JAIL),822.0,321.0,481.0,802.0,98.0,2020-01-27
BARNSTABLE,300.0,145.0,135.0,280.0,93.0,2020-01-20
BERKSHIRE,292.0,114.0,81.0,195.0,67.0,2020-01-20
BRISTOL (Ash Street),206.0,18.0,133.0,151.0,73.0,2020-01-20
BRISTOL (Dartmouth),304.0,246.0,497.0,743.0,244.0,2020-01-20
BRISTOL (Women's Center),56.0,21.0,46.0,67.0,120.0,2020-01-20
DUKES,19.0,13.0,0.0,13.0,68.0,2020-01-20
ESSEX (Middleton),1291.0,329.0,735.0,1064.0,82.0,2020-01-20
ESSEX (WIT),23.0,27.0,,27.0,117.0,2020-01-20
ESSEX (L.C.A.C.),340.0,215.0,,215.0,63.0,2020-01-20
FRANKLIN,144.0,93.0,97.0,190.0,132.0,2020-01-20
HAMPDEN (HOC / JAIL),1178.0,354.0,445.0,799.0,68.0,2020-01-20
HAMPDEN (W.M.C.A.C.),148.0,83.0,,83.0,56.0,2020-01-20
HAMPDEN (Women's Center),306.0,58.0,95.0,153.0,50.0,2020-01-20
HAMPSHIRE,287.0,106.0,111.0,217.0,76.0,2020-01-20
MIDDLESEX (Billerica),1501.0,325.0,463.0,788.0,52.0,2020-01-20
NORFOLK (Dedham / RT 128),620.0,158.0,332.0,490.0,79.0,2020-01-20
PLYMOUTH,1140.0,201.0,705.0,906.0,79.0,2020-01-20
SUFFOLK (Nashua Street),453.0,,550.0,550.0,121.0,2020-01-20
SUFFOLK (South Bay),1796.0,797.0,,797.0,44.0,2020-01-20
WORCESTER (HOC / JAIL),822.0,319.0,474.0,793.0,96.0,2020-01-20
BARNSTABLE,300.0,149.0,140.0,289.0,96.0,2020-01-13
BERKSHIRE,292.0,119.0,87.0,206.0,71.0,2020-01-13
BRISTOL (Ash Street),206.0,18.0,127.0,145.0,70.0,2020-01-13
BRISTOL (Dartmouth),304.0,245.0,507.0,752.0,247.0,2020-01-13
BRISTOL (Women's Center),56.0,22.0,42.0,64.0,114.0,2020-01-13
DUKES,19.0,15.0,0.0,15.0,79.0,2020-01-13
ESSEX (Middleton),1291.0,316.0,735.0,1051.0,81.0,2020-01-13
ESSEX (WIT),23.0,28.0,,28.0,122.0,2020-01-13
ESSEX (L.C.A.C.),340.0,218.0,,218.0,64.0,2020-01-13
FRANKLIN,144.0,91.0,101.0,192.0,133.0,2020-01-13
HAMPDEN (HOC / JAIL),1178.0,361.0,426.0,787.0,67.0,2020-01-13
HAMPDEN (W.M.C.A.C.),148.0,89.0,,89.0,60.0,2020-01-13
HAMPDEN (Women's Center),306.0,60.0,90.0,150.0,55.0,2020-01-13
HAMPSHIRE,287.0,110.0,100.0,210.0,73.0,2020-01-13
MIDDLESEX (Billerica),1501.0,317.0,462.0,779.0,52.0,2020-01-13
NORFOLK (Dedham / RT 128),620.0,159.0,315.0,474.0,76.0,2020-01-13
PLYMOUTH,1140.0,203.0,704.0,907.0,80.0,2020-01-13
SUFFOLK (Nashua Street),453.0,,545.0,545.0,120.0,2020-01-13
SUFFOLK (South Bay),1796.0,809.0,,809.0,45.0,2020-01-13
WORCESTER (HOC / JAIL),822.0,315.0,489.0,804.0,98.0,2020-01-13
BARNSTABLE,300.0,146.0,136.0,282.0,94.0,2020-01-06
BERKSHIRE,292.0,112.0,89.0,201.0,69.0,2020-01-06
BRISTOL (Ash Street),206.0,18.0,131.0,149.0,72.0,2020-01-06
BRISTOL (Dartmouth),304.0,240.0,496.0,736.0,242.0,2020-01-06
BRISTOL (Women's Center),56.0,23.0,41.0,64.0,114.0,2020-01-06
DUKES,19.0,12.0,0.0,12.0,63.0,2020-01-06
ESSEX (Middleton),1291.0,312.0,748.0,1060.0,82.0,2020-01-06
ESSEX (WIT),23.0,31.0,,31.0,135.0,2020-01-06
ESSEX (L.C.A.C.),340.0,215.0,,215.0,63.0,2020-01-06
FRANKLIN,144.0,95.0,98.0,193.0,134.0,2020-01-06
HAMPDEN (HOC / JAIL),1178.0,359.0,418.0,777.0,66.0,2020-01-06
HAMPDEN (W.M.C.A.C.),148.0,77.0,,77.0,52.0,2020-01-06
HAMPDEN (Women's Center),306.0,61.0,87.0,148.0,55.0,2020-01-06
HAMPSHIRE,287.0,107.0,103.0,210.0,73.0,2020-01-06
MIDDLESEX (Billerica),1501.0,308.0,443.0,751.0,50.0,2020-01-06
NORFOLK (Dedham / RT 128),620.0,155.0,314.0,469.0,76.0,2020-01-06
PLYMOUTH,1140.0,200.0,719.0,919.0,81.0,2020-01-06
SUFFOLK (Nashua Street),453.0,,555.0,555.0,123.0,2020-01-06
SUFFOLK (South Bay),1796.0,810.0,,810.0,45.0,2020-01-06
WORCESTER (HOC / JAIL),822.0,319.0,468.0,787.0,96.0,2020-01-06
BARNSTABLE,300.0,78.0,119.0,197.0,66.0,2021-03-15
BERKSHIRE,292.0,50.0,86.0,136.0,47.0,2021-03-15
BRISTOL (Ash Street),206.0,10.0,73.0,83.0,40.0,2021-03-15
BRISTOL (Dartmouth),304.0,133.0,400.0,533.0,175.0,2021-03-15
BRISTOL (Women's Center),56.0,11.0,10.0,21.0,38.0,2021-03-15
DUKES,19.0,5.0,0.0,5.0,26.0,2021-03-15
ESSEX (Middleton),1291.0,201.0,732.0,933.0,72.0,2021-03-15
ESSEX (WIT),23.0,16.0,,16.0,70.0,2021-03-15
ESSEX (L.C.A.C.),340.0,74.0,,74.0,22.0,2021-03-15
FRANKLIN,144.0,53.0,88.0,141.0,98.0,2021-03-15
HAMPDEN (HOC / JAIL),1178.0,162.0,485.0,647.0,55.0,2021-03-15
HAMPDEN (W.M.C.A.C.),148.0,42.0,,42.0,28.0,2021-03-15
HAMPDEN (Women's Center),306.0,22.0,57.0,79.0,26.0,2021-03-15
HAMPSHIRE,287.0,30.0,85.0,115.0,40.0,2021-03-15
MIDDLESEX (Billerica),1501.0,168.0,384.0,552.0,37.0,2021-03-15
NORFOLK (Dedham / RT 128),620.0,68.0,282.0,350.0,56.0,2021-03-15
PLYMOUTH,1140.0,95.0,442.0,537.0,47.0,2021-03-15
SUFFOLK (Nashua Street),453.0,,473.0,473.0,104.0,2021-03-15
SUFFOLK (South Bay),1796.0,464.0,,464.0,26.0,2021-03-15
WORCESTER (HOC / JAIL),822.0,148.0,405.0,553.0,67.0,2021-03-15
BARNSTABLE,300.0,80.0,118.0,198.0,66.0,2021-03-08
BERKSHIRE,292.0,49.0,83.0,132.0,45.0,2021-03-08
BRISTOL (Ash Street),206.0,10.0,67.0,77.0,37.0,2021-03-08
BRISTOL (Dartmouth),304.0,132.0,418.0,550.0,181.0,2021-03-08
BRISTOL (Women's Center),56.0,11.0,12.0,23.0,41.0,2021-03-08
DUKES,19.0,5.0,0.0,5.0,26.0,2021-03-08
ESSEX (Middleton),1291.0,193.0,715.0,908.0,70.0,2021-03-08
ESSEX (WIT),23.0,12.0,,12.0,52.0,2021-03-08
ESSEX (L.C.A.C.),340.0,78.0,,78.0,23.0,2021-03-08
FRANKLIN,144.0,55.0,84.0,139.0,97.0,2021-03-08
HAMPDEN (HOC / JAIL),1178.0,161.0,483.0,644.0,55.0,2021-03-08
HAMPDEN (W.M.C.A.C.),148.0,43.0,,43.0,29.0,2021-03-08
HAMPDEN (Women's Center),306.0,21.0,53.0,74.0,24.0,2021-03-08
HAMPSHIRE,287.0,29.0,87.0,116.0,40.0,2021-03-08
MIDDLESEX (Billerica),1501.0,167.0,390.0,557.0,37.0,2021-03-08
NORFOLK (Dedham / RT 128),620.0,70.0,270.0,340.0,55.0,2021-03-08
PLYMOUTH,1140.0,96.0,443.0,539.0,47.0,2021-03-08
SUFFOLK (Nashua Street),453.0,,465.0,465.0,103.0,2021-03-08
SUFFOLK (South Bay),1796.0,470.0,,470.0,26.0,2021-03-08
WORCESTER (HOC / JAIL),822.0,143.0,405.0,548.0,67.0,2021-03-08
BARNSTABLE,300.0,76.0,118.0,194.0,65.0,2021-02-22
BERKSHIRE,292.0,50.0,83.0,133.0,46.0,2021-02-22
BRISTOL (Ash Street),206.0,13.0,72.0,85.0,41.0,2021-02-22
BRISTOL (Dartmouth),304.0,124.0,430.0,554.0,182.0,2021-02-22
BRISTOL (Women's Center),56.0,9.0,21.0,30.0,54.0,2021-02-22
DUKES,19.0,4.0,0.0,4.0,21.0,2021-02-22
ESSEX (Middleton),1291.0,178.0,711.0,889.0,69.0,2021-02-22
ESSEX (WIT),23.0,10.0,,10.0,43.0,2021-02-22
ESSEX (L.C.A.C.),340.0,78.0,,78.0,23.0,2021-02-22
FRANKLIN,144.0,54.0,80.0,134.0,93.0,2021-02-22
HAMPDEN (HOC / JAIL),1178.0,151.0,508.0,659.0,56.0,2021-02-22
HAMPDEN (W.M.C.A.C.),148.0,43.0,,43.0,29.0,2021-02-22
HAMPDEN (Women's Center),306.0,22.0,50.0,72.0,24.0,2021-02-22
HAMPSHIRE,287.0,27.0,78.0,105.0,37.0,2021-02-22
MIDDLESEX (Billerica),1501.0,147.0,412.0,559.0,37.0,2021-02-22
NORFOLK (Dedham / RT 128),620.0,68.0,273.0,341.0,55.0,2021-02-22
PLYMOUTH,1140.0,91.0,453.0,544.0,48.0,2021-02-22
SUFFOLK (Nashua Street),453.0,,453.0,453.0,100.0,2021-02-22
SUFFOLK (South Bay),1796.0,453.0,,453.0,25.0,2021-02-22
WORCESTER (HOC / JAIL),822.0,141.0,417.0,558.0,68.0,2021-02-22
BARNSTABLE,300.0,75.0,116.0,191.0,64.0,2021-02-15
BERKSHIRE,292.0,52.0,83.0,135.0,46.0,2021-02-15
BRISTOL (Ash Street),206.0,13.0,69.0,82.0,40.0,2021-02-15
BRISTOL (Dartmouth),304.0,124.0,428.0,552.0,182.0,2021-02-15
BRISTOL (Women's Center),56.0,7.0,20.0,27.0,48.0,2021-02-15
DUKES,19.0,5.0,0.0,5.0,26.0,2021-02-15
ESSEX (Middleton),1291.0,188.0,713.0,901.0,70.0,2021-02-15
ESSEX (WIT),23.0,5.0,,5.0,22.0,2021-02-15
ESSEX (L.C.A.C.),340.0,76.0,,76.0,22.0,2021-02-15
FRANKLIN,144.0,53.0,79.0,132.0,92.0,2021-02-15
HAMPDEN (HOC / JAIL),1178.0,151.0,491.0,642.0,54.0,2021-02-15
HAMPDEN (W.M.C.A.C.),148.0,44.0,,44.0,30.0,2021-02-15
HAMPDEN (Women's Center),306.0,23.0,49.0,72.0,24.0,2021-02-15
HAMPSHIRE,287.0,26.0,82.0,108.0,38.0,2021-02-15
MIDDLESEX (Billerica),1501.0,147.0,412.0,559.0,37.0,2021-02-15
NORFOLK (Dedham / RT 128),620.0,72.0,278.0,350.0,56.0,2021-02-15
PLYMOUTH,1140.0,90.0,460.0,550.0,48.0,2021-02-15
SUFFOLK (Nashua Street),453.0,,447.0,447.0,99.0,2021-02-15
SUFFOLK (South Bay),1796.0,461.0,,461.0,26.0,2021-02-15
WORCESTER (HOC / JAIL),822.0,145.0,395.0,540.0,66.0,2021-02-15
BARNSTABLE,300.0,72.0,116.0,188.0,63.0,2021-02-08
BERKSHIRE,292.0,52.0,80.0,132.0,45.0,2021-02-08
BRISTOL (Ash Street),206.0,11.0,78.0,89.0,43.0,2021-02-08
BRISTOL (Dartmouth),304.0,115.0,441.0,556.0,183.0,2021-02-08
BRISTOL (Women's Center),56.0,4.0,21.0,25.0,45.0,2021-02-08
DUKES,19.0,7.0,0.0,7.0,37.0,2021-02-08
ESSEX (Middleton),1291.0,175.0,741.0,916.0,71.0,2021-02-08
ESSEX (WIT),23.0,0.0,,0.0,0.0,2021-02-08
ESSEX (L.C.A.C.),340.0,84.0,,84.0,25.0,2021-02-08
FRANKLIN,144.0,54.0,83.0,137.0,95.0,2021-02-08
HAMPDEN (HOC / JAIL),1178.0,151.0,504.0,655.0,56.0,2021-02-08
HAMPDEN (W.M.C.A.C.),148.0,41.0,,41.0,28.0,2021-02-08
HAMPDEN (Women's Center),306.0,21.0,43.0,64.0,21.0,2021-02-08
HAMPSHIRE,287.0,27.0,84.0,111.0,39.0,2021-02-08
MIDDLESEX (Billerica),1501.0,155.0,397.0,552.0,37.0,2021-02-08
NORFOLK (Dedham / RT 128),620.0,72.0,278.0,350.0,56.0,2021-02-08
PLYMOUTH,1140.0,87.0,469.0,556.0,49.0,2021-02-08
SUFFOLK (Nashua Street),453.0,,462.0,462.0,102.0,2021-02-08
SUFFOLK (South Bay),1796.0,454.0,,454.0,25.0,2021-02-08
WORCESTER (HOC / JAIL),822.0,141.0,401.0,542.0,66.0,2021-02-08
BARNSTABLE,300.0,74.0,104.0,178.0,59.0,2021-02-01
BERKSHIRE,292.0,51.0,87.0,138.0,47.0,2021-02-01
BRISTOL (Ash Street),206.0,10.0,81.0,91.0,44.0,2021-02-01
BRISTOL (Dartmouth),304.0,115.0,432.0,547.0,180.0,2021-02-01
BRISTOL (Women's Center),56.0,4.0,25.0,29.0,52.0,2021-02-01
DUKES,19.0,7.0,0.0,7.0,37.0,2021-02-01
ESSEX (Middleton),1291.0,186.0,746.0,932.0,72.0,2021-02-01
ESSEX (WIT),23.0,0.0,,0.0,0.0,2021-02-01
ESSEX (L.C.A.C.),340.0,71.0,,71.0,21.0,2021-02-01
FRANKLIN,144.0,56.0,87.0,143.0,99.0,2021-02-01
HAMPDEN (HOC / JAIL),1178.0,149.0,509.0,658.0,56.0,2021-02-01
HAMPDEN (W.M.C.A.C.),148.0,33.0,,33.0,22.0,2021-02-01
HAMPDEN (Women's Center),306.0,20.0,44.0,64.0,21.0,2021-02-01
HAMPSHIRE,287.0,30.0,80.0,110.0,38.0,2021-02-01
MIDDLESEX (Billerica),1501.0,156.0,395.0,551.0,37.0,2021-02-01
NORFOLK (Dedham / RT 128),620.0,72.0,283.0,355.0,57.0,2021-02-01
PLYMOUTH,1140.0,90.0,465.0,555.0,49.0,2021-02-01
SUFFOLK (Nashua Street),453.0,,438.0,438.0,97.0,2021-02-01
SUFFOLK (South Bay),1796.0,474.0,,474.0,26.0,2021-02-01
WORCESTER (HOC / JAIL),822.0,144.0,399.0,543.0,66.0,2021-02-01
BARNSTABLE,300.0,73.0,100.0,173.0,58.0,2021-01-25
BERKSHIRE,292.0,53.0,88.0,141.0,48.0,2021-01-25
BRISTOL (Ash Street),206.0,10.0,71.0,81.0,39.0,2021-01-25
BRISTOL (Dartmouth),304.0,115.0,444.0,559.0,184.0,2021-01-25
BRISTOL (Women's Center),56.0,5.0,26.0,31.0,55.0,2021-01-25
DUKES,19.0,8.0,0.0,8.0,42.0,2021-01-25
ESSEX (Middleton),1291.0,182.0,729.0,911.0,71.0,2021-01-25
ESSEX (WIT),23.0,6.0,,6.0,26.0,2021-01-25
ESSEX (L.C.A.C.),340.0,74.0,,74.0,22.0,2021-01-25
FRANKLIN,144.0,57.0,83.0,140.0,97.0,2021-01-25
HAMPDEN (HOC / JAIL),1178.0,140.0,522.0,662.0,56.0,2021-01-25
HAMPDEN (W.M.C.A.C.),148.0,35.0,,35.0,24.0,2021-01-25
HAMPDEN (Women's Center),306.0,21.0,48.0,69.0,23.0,2021-01-25
HAMPSHIRE,287.0,31.0,80.0,111.0,39.0,2021-01-25
MIDDLESEX (Billerica),1501.0,152.0,398.0,550.0,37.0,2021-01-25
NORFOLK (Dedham / RT 128),620.0,73.0,284.0,357.0,58.0,2021-01-25
PLYMOUTH,1140.0,90.0,471.0,561.0,49.0,2021-01-25
SUFFOLK (Nashua Street),453.0,,459.0,459.0,101.0,2021-01-25
SUFFOLK (South Bay),1796.0,472.0,,472.0,26.0,2021-01-25
WORCESTER (HOC / JAIL),822.0,142.0,412.0,554.0,67.0,2021-01-25
BARNSTABLE,300.0,75.0,98.0,173.0,58.0,2021-01-18
BERKSHIRE,292.0,53.0,83.0,136.0,47.0,2021-01-18
BRISTOL (Ash Street),206.0,11.0,75.0,86.0,42.0,2021-01-18
BRISTOL (Dartmouth),304.0,116.0,431.0,547.0,180.0,2021-01-18
BRISTOL (Women's Center),56.0,4.0,29.0,33.0,59.0,2021-01-18
DUKES,19.0,7.0,0.0,7.0,37.0,2021-01-18
ESSEX (Middleton),1291.0,191.0,720.0,911.0,71.0,2021-01-18
ESSEX (WIT),23.0,7.0,,7.0,30.0,2021-01-18
ESSEX (L.C.A.C.),340.0,70.0,,70.0,21.0,2021-01-18
FRANKLIN,144.0,54.0,77.0,131.0,91.0,2021-01-18
HAMPDEN (HOC / JAIL),1178.0,143.0,511.0,654.0,56.0,2021-01-18
HAMPDEN (W.M.C.A.C.),148.0,26.0,,26.0,18.0,2021-01-18
HAMPDEN (Women's Center),306.0,23.0,50.0,73.0,24.0,2021-01-18
HAMPSHIRE,287.0,31.0,85.0,116.0,40.0,2021-01-18
MIDDLESEX (Billerica),1501.0,153.0,410.0,563.0,38.0,2021-01-18
NORFOLK (Dedham / RT 128),620.0,72.0,295.0,367.0,59.0,2021-01-18
PLYMOUTH,1140.0,89.0,503.0,592.0,52.0,2021-01-18
SUFFOLK (Nashua Street),453.0,,479.0,479.0,106.0,2021-01-18
SUFFOLK (South Bay),1796.0,453.0,,453.0,25.0,2021-01-18
WORCESTER (HOC / JAIL),822.0,147.0,427.0,574.0,70.0,2021-01-18
BARNSTABLE,300.0,80.0,95.0,175.0,58.0,2021-01-11
BERKSHIRE,292.0,53.0,90.0,143.0,49.0,2021-01-11
BRISTOL (Ash Street),206.0,12.0,70.0,82.0,40.0,2021-01-11
BRISTOL (Dartmouth),304.0,117.0,451.0,568.0,187.0,2021-01-11
BRISTOL (Women's Center),56.0,5.0,24.0,29.0,52.0,2021-01-11
DUKES,19.0,6.0,0.0,6.0,32.0,2021-01-11
ESSEX (Middleton),1291.0,194.0,730.0,924.0,72.0,2021-01-11
ESSEX (WIT),23.0,9.0,,9.0,39.0,2021-01-11
ESSEX (L.C.A.C.),340.0,71.0,,71.0,21.0,2021-01-11
FRANKLIN,144.0,57.0,80.0,137.0,95.0,2021-01-11
HAMPDEN (HOC / JAIL),1178.0,139.0,532.0,671.0,57.0,2021-01-11
HAMPDEN (W.M.C.A.C.),148.0,25.0,,25.0,17.0,2021-01-11
HAMPDEN (Women's Center),306.0,25.0,52.0,77.0,25.0,2021-01-11
HAMPSHIRE,287.0,33.0,82.0,115.0,40.0,2021-01-11
MIDDLESEX (Billerica),1501.0,153.0,404.0,557.0,37.0,2021-01-11
NORFOLK (Dedham / RT 128),620.0,81.0,289.0,370.0,60.0,2021-01-11
PLYMOUTH,1140.0,87.0,508.0,595.0,52.0,2021-01-11
SUFFOLK (Nashua Street),453.0,,490.0,490.0,108.0,2021-01-11
SUFFOLK (South Bay),1796.0,458.0,,458.0,26.0,2021-01-11
WORCESTER (HOC / JAIL),822.0,144.0,435.0,579.0,70.0,2021-01-11
BARNSTABLE,300.0,82.0,95.0,177.0,59.0,2021-01-04
BERKSHIRE,292.0,54.0,85.0,139.0,48.0,2021-01-04
BRISTOL (Ash Street),206.0,12.0,64.0,76.0,37.0,2021-01-04
BRISTOL (Dartmouth),304.0,113.0,451.0,564.0,186.0,2021-01-04
BRISTOL (Women's Center),56.0,7.0,21.0,28.0,50.0,2021-01-04
DUKES,19.0,6.0,0.0,6.0,32.0,2021-01-04
ESSEX (Middleton),1291.0,206.0,720.0,926.0,72.0,2021-01-04
ESSEX (WIT),23.0,9.0,,9.0,39.0,2021-01-04
ESSEX (L.C.A.C.),340.0,56.0,,56.0,16.0,2021-01-04
FRANKLIN,144.0,61.0,77.0,138.0,96.0,2021-01-04
HAMPDEN (HOC / JAIL),1178.0,146.0,518.0,664.0,56.0,2021-01-04
HAMPDEN (W.M.C.A.C.),148.0,22.0,,22.0,15.0,2021-01-04
HAMPDEN (Women's Center),306.0,32.0,44.0,76.0,25.0,2021-01-04
HAMPSHIRE,287.0,32.0,85.0,117.0,41.0,2021-01-04
MIDDLESEX (Billerica),1501.0,153.0,393.0,546.0,36.0,2021-01-04
NORFOLK (Dedham / RT 128),620.0,82.0,279.0,361.0,58.0,2021-01-04
PLYMOUTH,1140.0,88.0,511.0,599.0,53.0,2021-01-04
SUFFOLK (Nashua Street),453.0,,494.0,494.0,109.0,2021-01-04
SUFFOLK (South Bay),1796.0,502.0,,502.0,28.0,2021-01-04
WORCESTER (HOC / JAIL),822.0,146.0,418.0,564.0,69.0,2021-01-04
